{
 "name"         : "Ember - סרטים בלחיצה",
 "repository"   : "repository.Anonymous",
 "plugin"       : "plugin.video.ember",
 "priority"     : 200,
 "id"           : "direct.OpenD",
 "filters"      : {},
 "postprocess"  : "",
 "movies"       : [
  [
         {
    "link"      : "plugin://plugin.video.ember/?url=movie_search&amp;mode=3&amp;name=({title})&amp;data=&amp;iconimage=&amp;fanart=&amp;description=&amp;year={year}&amp;season= &amp;episode= &amp;imdb={id}&amp;original_title= ",
    "steps"     : [],
    "action"    : "PLAY"
   },
   {
    "link"      : "plugin://plugin.video.ember/?url=movie_search&amp;mode=3&amp;name=({title})&amp;data=&amp;iconimage=&amp;fanart=&amp;description=&amp;year={year}&amp;season= &amp;episode= &amp;imdb={imdb}&amp;original_title= ",
    "steps"     : [],
    "action"    : "PLAY"
   }
  ]
 ], 
 "tvshows"       : [
  [
         {
    "link"      : "plugin://plugin.video.ember/?url=F2C2A082A871F43604B5984C8D416153&amp;mode=3&amp;name=({clearname})&amp;data=&amp;iconimage=&amp;fanart=&amp;description=&amp;year={year}&amp;season={season}&amp;episode={episode}&amp;imdb={imdb}&amp;original_title=({clearname})",
    "steps"     : [],
    "action"    : "PLAY"
   }
  ]
 ] 
}

