<?xml version="1.0" encoding="UTF-8"?>
<includes>
    <include name="Defs_Store_Content"><content target="$PARAM[include_target]">$PARAM[include_content]</content></include>
    <include name="Defs_Store_MainMenu"><content><include>skinshortcuts-mainmenu</include></content></include>

    <include name="Defs_Store_Init">
        <onload condition="!Skin.HasSetting(store_init)">Skin.SetString(Store_Widget1_Content,videodb://recentlyaddedmovies)</onload>
        <onload condition="!Skin.HasSetting(store_init)">Skin.SetString(Store_Widget1_Target,videos)</onload>
        <onload condition="!Skin.HasSetting(store_init)">Skin.SetString(Store_Widget1_Title,$LOCALIZE[20386])</onload>
        <onload condition="!Skin.HasSetting(store_init)">Skin.Reset(Store_Widget1_Genres)</onload>
        <onload condition="!Skin.HasSetting(store_init)">Skin.Reset(Store_Widget1_Landscape)</onload>

        <onload condition="!Skin.HasSetting(store_init)">Skin.SetString(Store_Widget2_Content,special://skin/extras/playlists/RecentlyPlayedMovies.xsp)</onload>
        <onload condition="!Skin.HasSetting(store_init)">Skin.SetString(Store_Widget2_Target,videos)</onload>
        <onload condition="!Skin.HasSetting(store_init)">Skin.SetString(Store_Widget2_Title,$LOCALIZE[31242])</onload>
        <onload condition="!Skin.HasSetting(store_init)">Skin.Reset(Store_Widget2_Genres)</onload>
        <onload condition="!Skin.HasSetting(store_init)">Skin.Reset(Store_Widget2_Landscape)</onload>
        
        <onload condition="!Skin.HasSetting(store_init)">Skin.SetString(Store_Widget3_Content,videodb://movies/genres)</onload>
        <onload condition="!Skin.HasSetting(store_init)">Skin.SetString(Store_Widget3_Target,videos)</onload>
        <onload condition="!Skin.HasSetting(store_init)">Skin.SetString(Store_Widget3_Title,$LOCALIZE[20338] $LOCALIZE[135])</onload>
        <onload condition="!Skin.HasSetting(store_init)">Skin.SetBool(Store_Widget3_Genres)</onload>
        <onload condition="!Skin.HasSetting(store_init)">Skin.Reset(Store_Widget3_Landscape)</onload>
        
        <onload condition="!Skin.HasSetting(store_init)">Skin.SetString(Store_Widget4_Content,special://skin/extras/playlists/RandomMovies.xsp)</onload>
        <onload condition="!Skin.HasSetting(store_init)">Skin.SetString(Store_Widget4_Target,videos)</onload>
        <onload condition="!Skin.HasSetting(store_init)">Skin.SetString(Store_Widget4_Title,$LOCALIZE[31054])</onload>
        <onload condition="!Skin.HasSetting(store_init)">Skin.Reset(Store_Widget4_Genres)</onload>
        <onload condition="!Skin.HasSetting(store_init)">Skin.Reset(Store_Widget4_Landscape)</onload>
        
        <onload condition="!Skin.HasSetting(store_init)">Skin.SetString(Store_Widget5_Content,special://skin/extras/playlists/RecentShows.xsp)</onload>
        <onload condition="!Skin.HasSetting(store_init)">Skin.SetString(Store_Widget5_Target,videos)</onload>
        <onload condition="!Skin.HasSetting(store_init)">Skin.SetString(Store_Widget5_Title,$LOCALIZE[626])</onload>
        <onload condition="!Skin.HasSetting(store_init)">Skin.Reset(Store_Widget5_Genres)</onload>
        <onload condition="!Skin.HasSetting(store_init)">Skin.Reset(Store_Widget5_Landscape)</onload>

        <onload condition="!Skin.HasSetting(store_init)">Skin.SetString(Store_Widget6_Content,videodb://recentlyaddedepisodes)</onload>
        <onload condition="!Skin.HasSetting(store_init)">Skin.SetString(Store_Widget6_Target,videos)</onload>
        <onload condition="!Skin.HasSetting(store_init)">Skin.SetString(Store_Widget6_Title,$LOCALIZE[20387])</onload>
        <onload condition="!Skin.HasSetting(store_init)">Skin.Reset(Store_Widget6_Genres)</onload>
        <onload condition="!Skin.HasSetting(store_init)">Skin.SetBool(Store_Widget6_Landscape)</onload>
        
        <onload condition="!Skin.HasSetting(store_init)">Skin.SetString(Store_Widget7_Content,videodb://tvshows/genres)</onload>
        <onload condition="!Skin.HasSetting(store_init)">Skin.SetString(Store_Widget7_Target,videos)</onload>
        <onload condition="!Skin.HasSetting(store_init)">Skin.SetString(Store_Widget7_Title,$LOCALIZE[20364] $LOCALIZE[135])</onload>
        <onload condition="!Skin.HasSetting(store_init)">Skin.SetBool(Store_Widget7_Genres)</onload>
        <onload condition="!Skin.HasSetting(store_init)">Skin.Reset(Store_Widget7_Landscape)</onload>
        
        <onload condition="!Skin.HasSetting(store_init)">Skin.SetString(Store_Widget8_Content,special://skin/extras/playlists/RandomEpisodes.xsp)</onload>
        <onload condition="!Skin.HasSetting(store_init)">Skin.SetString(Store_Widget8_Target,videos)</onload>
        <onload condition="!Skin.HasSetting(store_init)">Skin.SetString(Store_Widget8_Title,$LOCALIZE[31055])</onload>
        <onload condition="!Skin.HasSetting(store_init)">Skin.Reset(Store_Widget8_Genres)</onload>
        <onload condition="!Skin.HasSetting(store_init)">Skin.SetBool(Store_Widget8_Landscape)</onload>

        <onload condition="!Skin.HasSetting(store_init)">Skin.SetBool(store_init)</onload>
    </include>
	<include name="home_fade_level">
		<animation effect="fade" reversible="false" end="90" time="0" condition="StringCompare(Skin.String(topbar_home_opacity),90)">Conditional</animation>
		<animation effect="fade" reversible="false" end="80" time="0" condition="StringCompare(Skin.String(topbar_home_opacity),80)">Conditional</animation>
		<animation effect="fade" reversible="false" end="70" time="0" condition="StringCompare(Skin.String(topbar_home_opacity),70)">Conditional</animation>
		<animation effect="fade" reversible="false" end="60" time="0" condition="StringCompare(Skin.String(topbar_home_opacity),60)">Conditional</animation>
		<animation effect="fade" reversible="false" end="50" time="0" condition="StringCompare(Skin.String(topbar_home_opacity),50)">Conditional</animation>
		<animation effect="fade" reversible="false" end="40" time="0" condition="StringCompare(Skin.String(topbar_home_opacity),40)">Conditional</animation>
		<animation effect="fade" reversible="false" end="30" time="0" condition="StringCompare(Skin.String(topbar_home_opacity),30)">Conditional</animation>
		<animation effect="fade" reversible="false" end="20" time="0" condition="StringCompare(Skin.String(topbar_home_opacity),20)">Conditional</animation>
		<animation effect="fade" reversible="false" end="10" time="0" condition="StringCompare(Skin.String(topbar_home_opacity),10)">Conditional</animation>
		<animation effect="fade" reversible="false" end="0" time="0" condition="StringCompare(Skin.String(topbar_home_opacity),0)">Conditional</animation>
	</include>
	
	<include name="home_fade_level2">
		<animation effect="fade" reversible="false" end="90" time="0" condition="StringCompare(Skin.String(topbar_home_opacity2),90)">Conditional</animation>
		<animation effect="fade" reversible="false" end="80" time="0" condition="StringCompare(Skin.String(topbar_home_opacity2),80)">Conditional</animation>
		<animation effect="fade" reversible="false" end="70" time="0" condition="StringCompare(Skin.String(topbar_home_opacity2),70)">Conditional</animation>
		<animation effect="fade" reversible="false" end="60" time="0" condition="StringCompare(Skin.String(topbar_home_opacity2),60)">Conditional</animation>
		<animation effect="fade" reversible="false" end="50" time="0" condition="StringCompare(Skin.String(topbar_home_opacity2),50)">Conditional</animation>
		<animation effect="fade" reversible="false" end="40" time="0" condition="StringCompare(Skin.String(topbar_home_opacity2),40)">Conditional</animation>
		<animation effect="fade" reversible="false" end="30" time="0" condition="StringCompare(Skin.String(topbar_home_opacity2),30)">Conditional</animation>
		<animation effect="fade" reversible="false" end="20" time="0" condition="StringCompare(Skin.String(topbar_home_opacity2),20)">Conditional</animation>
		<animation effect="fade" reversible="false" end="10" time="0" condition="StringCompare(Skin.String(topbar_home_opacity2),10)">Conditional</animation>
		<animation effect="fade" reversible="false" end="0" time="0" condition="StringCompare(Skin.String(topbar_home_opacity2),0)">Conditional</animation>
	</include>
	

    <include name="Defs_SkinSettings_StoreWidget">
        <control type="group" id="812$PARAM[id]">
            <height>72</height>
            <width>100%</width>
            <control type="togglebutton" id="813$PARAM[id]">
                <onleft>815$PARAM[id]</onleft>
                <onright>814$PARAM[id]</onright>
                <ondown>813$PARAM[next_id]</ondown>
                <onup>813$PARAM[prev_id]</onup>
                <left>0</left>
                <textoffsetx>148</textoffsetx>
                <width>1000</width>
                <alttexturenofocus colordiffuse="$VAR[HighlightColor]">common/white.png</alttexturenofocus>
                <alttexturefocus colordiffuse="$VAR[HighlightColor]">common/white.png</alttexturefocus>
                <usealttexture>Control.HasFocus(814$PARAM[id]) | Control.HasFocus(815$PARAM[id])</usealttexture>
                <label>$INFO[Skin.String(Store_Widget$PARAM[id]_Title)]</label>
                <altlabel>[COLOR=Selected]$INFO[Skin.String(Store_Widget$PARAM[id]_Title)][/COLOR]</altlabel>
                <onclick>RunScript(script.skinshortcuts,type=widgets&amp;grouping=widget&amp;skinWidgetPath=Store_Widget$PARAM[id]_Content&amp;skinWidgetName=Store_Widget$PARAM[id]_Title&amp;skinWidgetTarget=Store_Widget$PARAM[id]_Target)</onclick>
                <height>72</height>
                <include>Defs_OptionButton</include>
            </control>

            <control type="label">
                <label>$VAR[Label_Store_Widget$PARAM[id]_ViewMode]</label>
                <align>right</align>
                <width>300</width>
                <height>72</height>
                <right>64</right>
                <width>100%</width>
                <font>Font-ListInfo-Small</font>
                <include>Defs_OptionButton</include>
                <visible>![Control.HasFocus(813$PARAM[id]) | Control.HasFocus(814$PARAM[id]) | Control.HasFocus(815$PARAM[id])]</visible>
            </control>
            <control type="label">
                <label>$VAR[Label_Store_Widget$PARAM[id]_ViewMode]</label>
                <align>right</align>
                <width>300</width>
                <height>72</height>
                <right>64</right>
                <textcolor>Selected</textcolor>
                <width>100%</width>
                <font>Font-ListInfo-Small</font>
                <include>Defs_OptionButton</include>
                <visible>[Control.HasFocus(813$PARAM[id]) | Control.HasFocus(814$PARAM[id]) | Control.HasFocus(815$PARAM[id])]</visible>
            </control>

            <control type="image">
                <top>4</top>
                <width>64</width>
                <height>64</height>
                <left>0</left>
                <texture colordiffuse="Disabled">special://skin/extras/icons/settings.png</texture>
                <visible>!Control.HasFocus(813$PARAM[id])</visible>
            </control>
            <control type="image">
                <top>4</top>
                <width>64</width>
                <height>64</height>
                <left>0</left>
                <texture colordiffuse="Selected">special://skin/extras/icons/settings.png</texture>
                <visible>Control.HasFocus(813$PARAM[id])</visible>
            </control>
            <control type="button" id="814$PARAM[id]">
                <onleft>813$PARAM[id]</onleft>
                <onright>815$PARAM[id]</onright>
                <ondown>813$PARAM[next_id]</ondown>
                <onup>813$PARAM[prev_id]</onup>
                <width>64</width>
                <height>64</height>
                <top>4</top>
                <left>64</left>
                <texturenofocus colordiffuse="Disabled">special://skin/extras/icons/write.png</texturenofocus>
                <texturefocus colordiffuse="Selected">special://skin/extras/icons/write.png</texturefocus>
                <align>center</align>
                <onclick>Skin.SetString(Store_Widget$PARAM[id]_Title)</onclick>
                <include>Defs_OptionButton</include>
            </control>
            <control type="button" id="815$PARAM[id]">
                <onleft>814$PARAM[id]</onleft>
                <onright>813$PARAM[id]</onright>
                <ondown>813$PARAM[next_id]</ondown>
                <onup>813$PARAM[prev_id]</onup>
                <width>64</width>
                <height>64</height>
                <top>4</top>
                <right>0</right>
                <texturenofocus colordiffuse="Disabled">special://skin/extras/icons/pictures.png</texturenofocus>
                <texturefocus colordiffuse="Selected">special://skin/extras/icons/pictures.png</texturefocus>
                <align>center</align>
                <selected>Skin.HasSetting(Store_Widget$PARAM[id]_Landscape)</selected>

                <onclick condition="!Skin.HasSetting(Store_Widget$PARAM[id]_Genres) + !Skin.HasSetting(Store_Widget$PARAM[id]_Landscape)">Skin.ToggleSetting(Store_Widget$PARAM[id]_Landscape)</onclick>

                <onclick condition="!Skin.HasSetting(Store_Widget$PARAM[id]_Genres) + Skin.HasSetting(Store_Widget$PARAM[id]_Landscape)">Skin.ToggleSetting(Store_Widget$PARAM[id]_Genres)</onclick>
                <onclick condition="!Skin.HasSetting(Store_Widget$PARAM[id]_Genres) + Skin.HasSetting(Store_Widget$PARAM[id]_Landscape)">Skin.ToggleSetting(Store_Widget$PARAM[id]_Landscape)</onclick>

                <onclick condition="Skin.HasSetting(Store_Widget$PARAM[id]_Genres) + Skin.HasSetting(Store_Widget$PARAM[id]_Landscape)">Skin.ToggleSetting(Store_Widget$PARAM[id]_Landscape)</onclick>
                <onclick condition="Skin.HasSetting(Store_Widget$PARAM[id]_Genres)">Skin.ToggleSetting(Store_Widget$PARAM[id]_Genres)</onclick>

                <include>Defs_OptionButton</include>
            </control>
            
        </control>
    </include>
    <variable name="DefEpisodesFlags">
		<value condition="String.IsEqual(Skin.String(episodesflags),$LOCALIZE[31720])">$INFO[ListItem.Property(TotalEpisodes)] [UPPERCASE]$LOCALIZE[31723][/UPPERCASE]</value>
		<value condition="String.IsEqual(Skin.String(episodesflags),$LOCALIZE[31721])">$INFO[ListItem.Property(UnwatchedEpisodes)] [UPPERCASE]$LOCALIZE[31724][/UPPERCASE]</value>
		<value condition="String.IsEqual(Skin.String(episodesflags),$LOCALIZE[31722])">$INFO[ListItem.Property(WatchedEpisodes)] [UPPERCASE]$LOCALIZE[31725][/UPPERCASE]</value>
		<value condition="String.IsEmpty(Skin.String(episodesflags))">$INFO[ListItem.Property(TotalEpisodes)] [UPPERCASE]$LOCALIZE[31723][/UPPERCASE]</value>
		<value condition="String.IsEmpty(ListItem.Property(UnwatchedEpisodes))">$INFO[ListItem.Property(TotalEpisodes)] [UPPERCASE]$LOCALIZE[31723][/UPPERCASE]</value>
		<value condition="String.IsEmpty(ListItem.Property(WatchedEpisodes))">$INFO[ListItem.Property(TotalEpisodes)] [UPPERCASE]$LOCALIZE[31723][/UPPERCASE]</value>   
	</variable>

		<variable name="Highlight15"><!--עכבר-->
		<value condition="!IsEmpty(Skin.String(HighlightColor15)) + !StringCompare(Skin.String(HighlightColor15),None)">$INFO[Skin.String(HighlightColor15)]</value>
		<value condition="Skin.HasSetting(Pointer.color)">$VAR[HighlightColor]</value>
		<value>Highlight</value>
	</variable>
    <!-- Time Limit -->
    <include name="TimeLimit1"><visible>[System.IdleTime(1) + Skin.HasSetting(furniture.overlayinfo)] | Control.HasFocus(9601)</visible></include>
    <include name="TimeLimit2"><visible>[System.IdleTime(2) + Skin.HasSetting(furniture.overlayinfo)] | Control.HasFocus(9601)</visible></include>
    <include name="TimeLimit3"><visible>[System.IdleTime(3) + Skin.HasSetting(furniture.overlayinfo)] | Control.HasFocus(9601)</visible></include> 
    <include name="TimeLimit4"><visible>[System.IdleTime(4) + Skin.HasSetting(furniture.overlayinfo)] | Control.HasFocus(9601)</visible></include> 
    <include name="TimeLimit5"><visible>[System.IdleTime(5) + Skin.HasSetting(furniture.overlayinfo)] | Control.HasFocus(9601)</visible></include> 
    <include name="TimeLimit6"><visible>[System.IdleTime(6) + Skin.HasSetting(furniture.overlayinfo)] | Control.HasFocus(9601)</visible></include> 
    <include name="TimeLimit7"><visible>[System.IdleTime(7) + Skin.HasSetting(furniture.overlayinfo)] | Control.HasFocus(9601)</visible></include> 
    <include name="TimeLimit8"><visible>[System.IdleTime(8) + Skin.HasSetting(furniture.overlayinfo)] | Control.HasFocus(9601)</visible></include> 
    <include name="TimeLimit9"><visible>[System.IdleTime(9) + Skin.HasSetting(furniture.overlayinfo)] | Control.HasFocus(9601)</visible></include> 
    <include name="TimeLimit10"><visible>[System.IdleTime(10) + Skin.HasSetting(furniture.overlayinfo)] | Control.HasFocus(9601)</visible></include>
	<!-- Background Rotation Duration -->
	<include name="RotationLimit1"><timeperimage>5000</timeperimage></include>
	<include name="RotationLimit2"><timeperimage>10000</timeperimage></include>
	<include name="RotationLimit3"><timeperimage>15000</timeperimage></include>
	<include name="RotationLimit4"><timeperimage>20000</timeperimage></include>
	<include name="RotationLimit5"><timeperimage>30000</timeperimage></include>
	<include name="RotationLimit6"><timeperimage>60000</timeperimage></include>
	<include name="RotationLimit7"><timeperimage>300000</timeperimage></include>
	<include name="RotationLimit8"><timeperimage>600000</timeperimage></include>
	<include name="RotationLimit9"><timeperimage>900000</timeperimage></include>
	<include name="RotationLimit10"><timeperimage>1200000</timeperimage></include>
	<include name="RotationLimit11"><timeperimage>1500000</timeperimage></include>
	<include name="RotationLimit12"><timeperimage>1800000</timeperimage></include>
	<!-- Fadelabel Rotation Duration -->
	<include name="FadeLimit1"><pauseatend>5000</pauseatend></include>
	<include name="FadeLimit2"><pauseatend>10000</pauseatend></include>
	<include name="FadeLimit3"><pauseatend>15000</pauseatend></include>
	<include name="FadeLimit4"><pauseatend>20000</pauseatend></include>
	<include name="FadeLimit5"><pauseatend>30000</pauseatend></include>
	<include name="FadeLimit6"><pauseatend>60000</pauseatend></include>
	<include name="FadeLimit7"><pauseatend>300000</pauseatend></include>
	<include name="FadeLimit8"><pauseatend>600000</pauseatend></include>
	<include name="FadeLimit9"><pauseatend>900000</pauseatend></include>
	<include name="FadeLimit10"><pauseatend>1200000</pauseatend></include>
	<include name="FadeLimit11"><pauseatend>1500000</pauseatend></include>
	<include name="FadeLimit12"><pauseatend>1800000</pauseatend></include>	
<!-- Ajout Variable -->
    <!-- Password Protection -->
	<variable name="passcode">
		<value condition="[IsEmpty(Container(211).ListItem.Property(ParentalControl)) | SubString(Container(211).ListItem.Property(ParentalControl),no)]">$LOCALIZE[106]</value>
		<value>$LOCALIZE[107]</value>
	</variable>
	<variable name="temp_passcode">
		<value condition="!IsEmpty(Skin.String(temp))">$INFO[Skin.String(temp)]</value>
		<value>$INFO[Skin.String(passcode)]</value>
	</variable>
	<variable name="password_time">
		<value condition="!IsEmpty(Skin.String(password_time))">$INFO[Skin.String(password_time)]</value>
		<value>5</value>
	</variable>
	<variable name="password_notification">
		<value condition="StringCompare(Skin.String(mypassword),Skin.String(passcode))">$LOCALIZE[31697] $VAR[password_time] $LOCALIZE[31698]</value>
		<value>$LOCALIZE[31696]</value>
	</variable>
	
		<include name="DefMenuMouse">
		<control type="button" description="Mouse Button">
			<visible>Skin.HasSetting(show.button)</visible>
			<posy>180</posy>
			<right>-5</right>
			<width>48</width>
			<height>48</height>           
			<texturefocus flipx="false" colordiffuse="$VAR[Highlight6]">common/menu.png</texturefocus>
			<texturenofocus flipx="false" colordiffuse="fff0f0f0">common/menu.png</texturenofocus>
			<animation effect="fade" end="50" condition="true">Conditional</animation>
			<animation effect="fade" start="0" end="100" delay="0" time="0" reversible="false">WindowOpen</animation>
			<animation effect="fade" start="0" end="100" delay="0" time="0" reversible="false">Visible</animation>
			<animation effect="fade" start="100" end="0" delay="0" time="0" reversible="false">WindowClose</animation>
			<animation effect="fade" start="100" end="0" delay="0" time="0" reversible="false">Hidden</animation>
			<visible>!ControlGroup(9000).HasFocus()</visible>
			<visible>!ControlGroup(9500).HasFocus()</visible>
			<visible>!ControlGroup(9101).HasFocus()</visible>
			<visible>!Window.IsVisible(106)</visible>
			
			<onclick condition="!Window.IsVisible(DialogVideoInfo.xml)">SetFocus(9000)</onclick>
		</control>
		<control type="label">
			<visible>Skin.HasSetting(show.button)</visible>
			<posy>170</posy>
			<right>-16</right>
			<width>48</width>
			<height>48</height>  
			<label>...</label>	
			<textcolor>fff0f0f0</textcolor>
			<animation effect="fade" end="100" condition="true">Conditional</animation>
			<animation effect="fade" start="0" end="100" delay="0" time="0" reversible="false">WindowOpen</animation>
			<animation effect="fade" start="0" end="100" delay="0" time="0" reversible="false">Visible</animation>
			<animation effect="fade" start="100" end="0" delay="0" time="0" reversible="false">WindowClose</animation>
			<animation effect="fade" start="100" end="0" delay="0" time="0" reversible="false">Hidden</animation>
			<visible>!ControlGroup(9000).HasFocus()</visible>
			<visible>!ControlGroup(9500).HasFocus()</visible>
			<visible>!ControlGroup(9101).HasFocus()</visible>
			<visible>!Window.IsVisible(106)</visible>
			

		</control>
	</include>

			<include name="DefMenuMouse2">
		<control type="button" description="Mouse Button">
			<visible>Skin.HasSetting(show.button2)</visible>
			<posy>120</posy>
			<right>-5</right>
			<width>48</width>
			<height>48</height>           
			<texturefocus flipx="false" colordiffuse="$VAR[Highlight6]">common/menu.png</texturefocus>
			<texturenofocus flipx="false" colordiffuse="fff0f0f0">common/menu.png</texturenofocus>
			<animation effect="fade" end="50" condition="true">Conditional</animation>
			<animation effect="fade" start="0" end="100" delay="0" time="0" reversible="false">WindowOpen</animation>
			<animation effect="fade" start="0" end="100" delay="0" time="0" reversible="false">Visible</animation>
			<animation effect="fade" start="100" end="0" delay="0" time="0" reversible="false">WindowClose</animation>
			<animation effect="fade" start="100" end="0" delay="0" time="0" reversible="false">Hidden</animation>
			<visible>!ControlGroup(9000).HasFocus()</visible>
			<visible>!ControlGroup(9500).HasFocus()</visible>
			<visible>!ControlGroup(9101).HasFocus()</visible>
			<visible>!Window.IsVisible(106)</visible>
			
			<onclick condition="!Window.IsVisible(DialogVideoInfo.xml)">SetProperty(quicknavsetup,1,home)</onclick>
		</control>
		<control type="label">
			<visible>Skin.HasSetting(show.button2)</visible>
			<posy>110</posy>
			<right>-16</right>
			<width>48</width>
			<height>48</height>  
			<label>..</label>	
			<textcolor>fff0f0f0</textcolor>
			<animation effect="fade" end="100" condition="true">Conditional</animation>
			<animation effect="fade" start="0" end="100" delay="0" time="0" reversible="false">WindowOpen</animation>
			<animation effect="fade" start="0" end="100" delay="0" time="0" reversible="false">Visible</animation>
			<animation effect="fade" start="100" end="0" delay="0" time="0" reversible="false">WindowClose</animation>
			<animation effect="fade" start="100" end="0" delay="0" time="0" reversible="false">Hidden</animation>
			<visible>!ControlGroup(9000).HasFocus()</visible>
			<visible>!ControlGroup(9500).HasFocus()</visible>
			<visible>!ControlGroup(9101).HasFocus()</visible>
			<visible>!Window.IsVisible(106)</visible>
			

		</control>
	</include>
	
		<include name="DefMenuMouse3">
		<control type="button" description="Mouse Button">
			<visible>Skin.HasSetting(show.button3)</visible>
			<posy>180</posy>
			<left>5</left>
			<width>45</width>
			<height>45</height>           
			<texturefocus flipx="false" colordiffuse="$VAR[Highlight6]">common/left.png</texturefocus>
			<texturenofocus flipx="false" colordiffuse="red">common/left.png</texturenofocus>
			<animation effect="fade" end="50" condition="true">Conditional</animation>
			<animation effect="fade" start="0" end="100" delay="0" time="0" reversible="false">WindowOpen</animation>
			<animation effect="fade" start="0" end="100" delay="0" time="0" reversible="false">Visible</animation>
			<animation effect="fade" start="100" end="0" delay="0" time="0" reversible="false">WindowClose</animation>
			<animation effect="fade" start="100" end="0" delay="0" time="0" reversible="false">Hidden</animation>
			<visible>!ControlGroup(9000).HasFocus()</visible>
			<visible>!ControlGroup(9500).HasFocus()</visible>
			<visible>!ControlGroup(9101).HasFocus()</visible>
			<visible>!Window.IsVisible(106)</visible>
			
             <onclick>PreviousMenu</onclick>
		</control>
		<control type="label">
			<visible>Skin.HasSetting(show.button3)</visible>
			<posy>170</posy>
			<left>5</left>
			<width>48</width>
			<height>48</height>  
			<label></label>	
			<textcolor>fff0f0f0</textcolor>
			<animation effect="fade" end="100" condition="true">Conditional</animation>
			<animation effect="fade" start="0" end="100" delay="0" time="0" reversible="false">WindowOpen</animation>
			<animation effect="fade" start="0" end="100" delay="0" time="0" reversible="false">Visible</animation>
			<animation effect="fade" start="100" end="0" delay="0" time="0" reversible="false">WindowClose</animation>
			<animation effect="fade" start="100" end="0" delay="0" time="0" reversible="false">Hidden</animation>
			<visible>!ControlGroup(9000).HasFocus()</visible>
			<visible>!ControlGroup(9500).HasFocus()</visible>
			<visible>!ControlGroup(9101).HasFocus()</visible>
			<visible>!Window.IsVisible(106)</visible>
			

		</control>
	</include>
			<include name="DefMenuMouse4">
		<control type="button" description="Mouse Button">
			<visible>Skin.HasSetting(show.button4)</visible>
			<posy>180</posy>
			<left>5</left>
			<width>35</width>
			<height>35</height>           
			<texturefocus flipx="false" colordiffuse="red">common/rss_update.png</texturefocus>
			<texturenofocus flipx="false" colordiffuse="blue">common/rss_update.png</texturenofocus>
			<animation effect="fade" end="100" condition="true">Conditional</animation>
			<animation effect="fade" start="0" end="100" delay="0" time="0" reversible="false">WindowOpen</animation>
			<animation effect="fade" start="0" end="100" delay="0" time="0" reversible="false">Visible</animation>
			<animation effect="fade" start="100" end="0" delay="0" time="0" reversible="false">WindowClose</animation>
			<animation effect="fade" start="100" end="0" delay="0" time="0" reversible="false">Hidden</animation>
			<visible>!ControlGroup(9000).HasFocus()</visible>
			<visible>!ControlGroup(9500).HasFocus()</visible>
			<visible>!ControlGroup(9101).HasFocus()</visible>
			<visible>!Window.IsVisible(106)</visible>
			
			<onclick condition="!Window.IsVisible(DialogVideoInfo.xml)">ActivateWindow(1131)</onclick>
		</control>
		<control type="label">
			<visible>Skin.HasSetting(show.button4)</visible>
			<posy>170</posy>
			<left>5</left>
			<width>48</width>
			<height>48</height>  
			<label></label>	
			<textcolor>fff0f0f0</textcolor>
			<animation effect="fade" end="100" condition="true">Conditional</animation>
			<animation effect="fade" start="0" end="100" delay="0" time="0" reversible="false">WindowOpen</animation>
			<animation effect="fade" start="0" end="100" delay="0" time="0" reversible="false">Visible</animation>
			<animation effect="fade" start="100" end="0" delay="0" time="0" reversible="false">WindowClose</animation>
			<animation effect="fade" start="100" end="0" delay="0" time="0" reversible="false">Hidden</animation>
			<visible>!ControlGroup(9000).HasFocus()</visible>
			<visible>!ControlGroup(9500).HasFocus()</visible>
			<visible>!ControlGroup(9101).HasFocus()</visible>
			<visible>!Window.IsVisible(106)</visible>
			

		</control>
	</include>
			<include name="DefMenu1">
		<control type="button" id="721">
		<visible>Skin.HasSetting(show.defmenuback)</visible>
			<posy>120</posy>
			<right>15</right>
			<width>70</width>
			<height>260</height>           
				<texturefocus border="80" colordiffuse="$VAR[Highlight6]">buttons/‏‏dialogbutton.png</texturefocus>
				<texturenofocus border="80">buttons/‏‏dialogbutton.png</texturenofocus>
			<visible>!ControlGroup(9000).HasFocus()</visible>
			<visible>!ControlGroup(9500).HasFocus()</visible>
			<visible>!ControlGroup(9101).HasFocus()</visible>
			<visible>!Window.IsVisible(106)</visible>
		</control>
	</include>
		<include name="DefMenu2">
		<control type="button" id="721">
		<visible>Skin.HasSetting(show.defmenu)</visible>
			<posy>150</posy>
			<right>10</right>
			<width>45</width>
			<height>45</height>           
			<onup condition="!Player.HasMedia + !Window.IsVisible(PlayerControls.xml)">9001</onup>
			<ondown condition="Integer.IsGreater(Container(9002).NumItems,0) + !Window.IsVisible(PlayerControls.xml)">SetProperty(submenumouse,1,home)</ondown>
                <ondown condition="Integer.IsGreater(Container(9002).NumItems,0) + !Window.IsVisible(PlayerControls.xml)">9002</ondown>
			<texturefocus flipx="false" colordiffuse="white">common/icon_forceupdate.png</texturefocus>
			<texturenofocus flipx="false" colordiffuse="f0f0f0f0">common/icon_forceupdate.png</texturenofocus>
			<visible>!ControlGroup(9000).HasFocus()</visible>
			<visible>!ControlGroup(9500).HasFocus()</visible>
			<visible>!ControlGroup(9101).HasFocus()</visible>
			<visible>!Window.IsVisible(106)</visible>
			<onclick>PlayMedia("plugin://plugin.program.Anonymous/?mode=testnotify")</onclick>
		</control>
	</include>
			<include name="DefMenu3">
		<control type="button" id="722">
		<visible>Skin.HasSetting(show.defmenu)</visible>
			<posy>205</posy>
			<right>10</right>
			<width>45</width>
			<height>45</height>           
			<onup condition="!Player.HasMedia + !Window.IsVisible(PlayerControls.xml)">9001</onup>
			<ondown condition="Integer.IsGreater(Container(9002).NumItems,0) + !Window.IsVisible(PlayerControls.xml)">SetProperty(submenumouse,1,home)</ondown>
                <ondown condition="Integer.IsGreater(Container(9002).NumItems,0) + !Window.IsVisible(PlayerControls.xml)">9002</ondown>
			<texturefocus flipx="false" colordiffuse="white">common/wizard.png</texturefocus>
			<texturenofocus flipx="false" colordiffuse="f0f0f0f0">common/wizard.png</texturenofocus>
			<visible>!ControlGroup(9000).HasFocus()</visible>
			<visible>!ControlGroup(9500).HasFocus()</visible>
			<visible>!ControlGroup(9101).HasFocus()</visible>
			<visible>!Window.IsVisible(106)</visible>
			<onclick>ActivateWindow(Programs,"plugin://plugin.program.Anonymous",return)</onclick>
		</control>
	</include>
			<include name="DefMenu4">
		<control type="button" id="723">
		<visible>Skin.HasSetting(show.defmenu)</visible>
			<posy>255</posy>
			<right>10</right>
			<width>45</width>
			<height>45</height>           
			<onup condition="!Player.HasMedia + !Window.IsVisible(PlayerControls.xml)">9001</onup>
			<ondown condition="Integer.IsGreater(Container(9002).NumItems,0) + !Window.IsVisible(PlayerControls.xml)">SetProperty(submenumouse,1,home)</ondown>
                <ondown condition="Integer.IsGreater(Container(9002).NumItems,0) + !Window.IsVisible(PlayerControls.xml)">9002</ondown>
			<texturefocus flipx="false" colordiffuse="white">common/zip.png</texturefocus>
			<texturenofocus flipx="false" colordiffuse="f0f0f0f0">common/zip.png</texturenofocus>
			<visible>!ControlGroup(9000).HasFocus()</visible>
			<visible>!ControlGroup(9500).HasFocus()</visible>
			<visible>!ControlGroup(9101).HasFocus()</visible>
			<visible>!Window.IsVisible(106)</visible>
			<onclick>ActivateWindow(AddonBrowser)</onclick>
		</control>
	</include>
			<include name="DefMenu5">
		<control type="button" id="724">
		<visible>Skin.HasSetting(show.defmenu)</visible>
			<posy>305</posy>
			<right>10</right>
			<width>45</width>
			<height>45</height>           
			<onup condition="!Player.HasMedia + !Window.IsVisible(PlayerControls.xml)">9001</onup>
			<ondown condition="Integer.IsGreater(Container(9002).NumItems,0) + !Window.IsVisible(PlayerControls.xml)">SetProperty(submenumouse,1,home)</ondown>
                <ondown condition="Integer.IsGreater(Container(9002).NumItems,0) + !Window.IsVisible(PlayerControls.xml)">9002</ondown>
			<texturefocus flipx="false" colordiffuse="white">common/icon_forceclose.png</texturefocus>
			<texturenofocus flipx="false" colordiffuse="f0f0f0f0">common/icon_forceclose.png</texturenofocus>
			<visible>!ControlGroup(9000).HasFocus()</visible>
			<visible>!ControlGroup(9500).HasFocus()</visible>
			<visible>!ControlGroup(9101).HasFocus()</visible>
			<visible>!Window.IsVisible(106)</visible>
			<onclick>ActivateWindow(10001,&quot;plugin://plugin.close.kodi/?description&amp;fanart=C%3a%5cUsers%5cHome%5cAppData%5cRoaming%5cKodi%5caddons%5cplugin.close.kodi%5cfanart.jpg&amp;iconimage=C%3a%5cUsers%5cHome%5cAppData%5cRoaming%5cKodi%5caddons%5cplugin.close.kodi%5cresources%5cart%5cforce.png&amp;mode=4&amp;name=Insta%20Kill%20(Warning%20Kills%20The%20MediaCenter%20Instantly)&amp;url=fclose&quot;,return)</onclick>
		</control>
	</include>
			<include name="FullscreenBack">
 <control type="radiobutton" id="9007">
				<top>980</top>
				<left>750</left><!-- Abeksis  -->
				<width>380</width>
				<height>70</height>
				<align>right</align><!-- Abeksis -->
				<aligny>center</aligny>
				<onclick>FullScreen</onclick>
				<label>$LOCALIZE[244]</label>
				<onleft>9005</onleft>
				<onright>9005</onright>
				<radioposx>78</radioposx><!-- Abeksis -->
				<textoffsetx>30</textoffsetx>
				<radioposy>24</radioposy>
				<radiowidth>30</radiowidth>
				<radioheight>30</radioheight>
				<texturefocus border="40" colordiffuse="$VAR[SkinColorVar]">buttons/dialogbutton-fo.png</texturefocus>
				<texturenofocus border="40">buttons/dialogbutton-nofo.png</texturenofocus>
				<textureradioonfocus>buttons/fullscreen.png</textureradioonfocus>
				<textureradioonnofocus>buttons/fullscreen.png</textureradioonnofocus>
				<textureradioofffocus>buttons/fullscreen.png</textureradioofffocus>
				<textureradiooffnofocus>buttons/fullscreen.png</textureradiooffnofocus>
				<selected>!Player.Paused</selected>
				<visible>Player.hasMedia</visible>
			</control>
	</include>
					<!-- <include name="Ganers">
                <control type="radiobutton" id="19008">
				<top>210</top>
				<left>15</left>
				<width>280</width>
				<height>80</height>
				 <align>right</align>
				<aligny>center</aligny>
				<onclick>ActivateWindow(Videos,"library://video/movies/genres.xml/",return)</onclick>
				<label>סגנונות</label>
				<ondown>$PARAM[id]</ondown>
				<onright>$PARAM[id]</onright>
				<onup>$PARAM[id]</onup>
				<visible>!IsEmpty(ListItem.EndTime) + !substring(ListItem.Path,videodb://movies/sets,left) + !Container.Content(tvshows) + !Container.Content(seasons) + !Container.Content(genres)</visible>
				<visible>!substring(Container.FolderPath,plugin://,left) + !substring(ListItem.Path,videodb://movies/sets,left) + !IsEmpty(ListItem.EndTime) + !Container.Content(tvshows) + !Container.Content(seasons) + !Container.Content(genres)</visible>
				<radioposx>1</radioposx>Abeksis
				<textoffsetx>30</textoffsetx>
				<radioposy>19</radioposy>
				<radiowidth>120</radiowidth>
				<radioheight>40</radioheight>
				<texturefocus border="30" colordiffuse="$VAR[SkinColorVar]">buttons/dialogbutton-fo.png</texturefocus>
				<texturenofocus border="30">buttons/dialogbutton-nofo.png</texturenofocus>
				<textureradioonfocus>indicator/imdb1.png</textureradioonfocus>
				<textureradioonnofocus>indicator/imdb1.png</textureradioonnofocus>
				<textureradioofffocus>indicator/imdb1.png</textureradioofffocus>
				<textureradiooffnofocus>indicator/imdb1.png</textureradiooffnofocus>
			</control>
	</include>-->
<!-- Ajout Include -->	
	<include name="DefSubMenu">                 
                <right>0</right>                        
                <left>355</left>
                <top>48</top>
                <height>149</height>
                <onleft>noop</onleft>
                <onright>noop</onright>
                <scrolltime>200</scrolltime>
                <orientation>horizontal</orientation>
                <itemlayout width="354" height="149">
                    <control type="label"><!-- כיתוב -->
                        <right>320</right>
                        <left>100</left>
                        <align>right</align>
                        <height>149</height>
                        <width>240</width>
                        <scroll>yes</scroll>
                        <font>Font-ListInfo-Small</font>
                        <fontcolor>HomeBarFG</fontcolor>
                        <aligny>center</aligny>
                        <label>$INFO[ListItem.Label]</label>
                        <visible>!Skin.HasSetting(home.hidesubmenusicons)</visible>
                    </control>
                    <control type="label">
                        <left>side</left>
                        <right>side</right>
                        <height>149</height>
                        <scroll>yes</scroll>
                        <font>Font-ListInfo-Small</font>
                        <fontcolor>HomeBarFG</fontcolor>
                        <align>center</align>
                        <aligny>center</aligny>
                        <label>$INFO[ListItem.Label]</label>
                        <visible>Skin.HasSetting(home.hidesubmenusicons)</visible>
                    </control>
                    <control type="image"> 
                        <height>100</height>
                        <width>100</width>
                        <left>0</left>
                        <centertop>50%</centertop>
                        <texture colordiffuse="ListLabel">$PARAM[icon]</texture>
                        <visible>!Skin.HasSetting(home.hidesubmenusicons)</visible>
                    </control>
                </itemlayout>
                <focusedlayout width="354" height="149">
                    <control type="image">
                        <width>354</width> 
                        <height>149</height>
                        <texture colordiffuse="$VAR[HighlightColor]">common/white.png</texture>
                    </control>
                    <control type="label"><!-- כיתוב -->
                        <right>320</right>
                        <left>100</left>
                        <align>right</align>
                        <height>149</height>
                        <width>240</width>
                        <scroll>yes</scroll>
                        <textcolor>Selected</textcolor>
                        <font>Font-ListInfo-Small</font>
                        <aligny>center</aligny>
                        <label>$INFO[ListItem.Label]</label>
                        <visible>!Skin.HasSetting(home.hidesubmenusicons)</visible>
                    </control>
                    <control type="label">
                        <left>side</left>
                        <right>side</right>
                        <height>149</height>
                        <scroll>yes</scroll>
                        <textcolor>Selected</textcolor>
                        <font>Font-ListInfo-Small</font>
                        <aligny>center</aligny>
                        <align>center</align>
                        <label>$INFO[ListItem.Label]</label>
                        <visible>Skin.HasSetting(home.hidesubmenusicons)</visible>
                    </control>
                    <control type="image"> 
                        <height>100</height>
                        <width>100</width>
                        <left>0</left>
                        <centertop>50%</centertop>
                        <texture colordiffuse="Selected">$PARAM[icon]</texture>
                        <visible>!Skin.HasSetting(home.hidesubmenusicons)</visible>
                    </control>
                </focusedlayout>
    </include>
    
    <include name="DefSubMenu_Small">                 
                <left>110</left>                        
                <right>50</right>
                <top>0</top>
                <height>60</height>
                <onleft>noop</onleft>
                <onright>noop</onright>
                <scrolltime>200</scrolltime>
                <orientation>horizontal</orientation>
                <itemlayout width="352" height="60">
                    <control type="label">
                        <left>side</left>
                        <right>30</right>
                        <height>60</height>
                        <width>240</width>
                        <scroll>yes</scroll>
                        <font>Font-ListInfo-Small</font>
                        <fontcolor>HomeBarFG</fontcolor>
                        <aligny>center</aligny>
                        <label>$INFO[ListItem.Label]</label>
                        <visible>!Skin.HasSetting(home.hidesubmenusicons)</visible>
                    </control>
                    <control type="label">
                        <left>side</left>
                        <right>side</right>
                        <height>60</height>
                        <scroll>yes</scroll>
                        <font>Font-ListInfo-Small</font>
                        <fontcolor>HomeBarFG</fontcolor>
                        <align>center</align>
                        <aligny>center</aligny>
                        <label>$INFO[ListItem.Label]</label>
                        <visible>Skin.HasSetting(home.hidesubmenusicons)</visible>
                    </control>
                    <control type="image"> 
                        <height>60</height>
                        <width>60</width>
                        <right>0</right>
                        <centertop>50%</centertop>
                        <texture colordiffuse="ListLabel">$PARAM[icon]</texture>
                        <visible>!Skin.HasSetting(home.hidesubmenusicons)</visible>
                    </control>
                </itemlayout>
                <focusedlayout width="352" height="60">
                    <control type="image">
                        <width>352</width> 
                        <height>60</height>
                        <texture colordiffuse="$VAR[HighlightColor]">common/white.png</texture>
                    </control>
                    <control type="label">
                        <left>side</left>
                        <right>30</right>
                        <height>60</height>
                        <width>240</width>
                        <scroll>yes</scroll>
                        <textcolor>Selected</textcolor>
                        <font>Font-ListInfo-Small</font>
                        <aligny>center</aligny>
                        <label>$INFO[ListItem.Label]</label>
                        <visible>!Skin.HasSetting(home.hidesubmenusicons)</visible>
                    </control>
                    <control type="label">
                        <left>side</left>
                        <right>side</right>
                        <height>60</height>
                        <scroll>yes</scroll>
                        <textcolor>Selected</textcolor>
                        <font>Font-ListInfo-Small</font>
                        <aligny>center</aligny>
                        <align>center</align>
                        <label>$INFO[ListItem.Label]</label>
                        <visible>Skin.HasSetting(home.hidesubmenusicons)</visible>
                    </control>
                    <control type="image"> 
                        <height>60</height>
                        <width>60</width>
                        <right>0</right>
                        <centertop>50%</centertop>
                        <texture colordiffuse="Selected">$PARAM[icon]</texture>
                        <visible>!Skin.HasSetting(home.hidesubmenusicons)</visible>
                    </control>
                </focusedlayout>
    </include>
<!-- Ajout Include -->
    <include name="DefCdArtContainer">
        <top>45</top>
        <left>150</left>
        <width>1184</width>
        <height>990</height>
        <preloaditems>2</preloaditems>
        <pagecontrol>60</pagecontrol>
        <orientation>vertical</orientation>
        <scrolltime tween="quadratic">400</scrolltime>
        <itemlayout height="330" width="296">
            <control type="image">
                <left>10</left>
                <top>10</top>
                <right>10</right>
                <bottom>10</bottom>
                <texture border="5" colordiffuse="PosterBorder">common/white.png</texture>
            </control>
            <control type="label">
                <left>20</left>
                <right>20</right>
                <bottom>10</bottom>
                <height>50</height>
                <aligny>center</aligny>
                <align>center</align>
                <font>Tiny</font>
                <label>$INFO[ListItem.Label]</label>
                <textcolor>ListLabel</textcolor>
                <visible>!IsEmpty(ListItem.Label)</visible>
            </control>
            <control type="image">
                <left>20</left>
                <top>20</top>
                <right>20</right>
                <height>256</height>
                <aspectratio scalediffuse="false">scale</aspectratio>
                <texture colordiffuse="PosterBorder">common/white.png</texture>
            </control>
            <control type="image">
                <left>20</left>
                <top>20</top>
                <right>20</right>
                <height>256</height>
                <aspectratio scalediffuse="false" align="center" aligny="center">keep</aspectratio>
                <texture background="true">$INFO[ListItem.Art(thumb)]</texture>
            </control>
        </itemlayout>
        <focusedlayout height="330" width="296">
            <control type="image">
                <left>10</left>
                <top>10</top>
                <right>10</right>
                <bottom>10</bottom>
                <texture border="5" colordiffuse="$VAR[HighlightColor]">common/white.png</texture>
            </control>
            <control type="label">
                <left>20</left>
                <right>20</right>
                <bottom>10</bottom>
                <height>50</height>
                <aligny>center</aligny>
                <align>center</align>
                <font>Tiny</font>
                <label>$INFO[ListItem.Label]</label>
                <selectedcolor>Selected</selectedcolor>
                <textcolor>Selected</textcolor>
                <visible>!IsEmpty(ListItem.Label)</visible>
            </control>
            <control type="image">
                <left>20</left>
                <top>20</top>
                <right>20</right>
                <height>256</height>
                <aspectratio scalediffuse="false">scale</aspectratio>
                <texture colordiffuse="PosterBorder">common/white.png</texture>
            </control>
            <control type="image">
                <left>20</left>
                <top>20</top>
                <right>20</right>
                <height>256</height>
                <aspectratio scalediffuse="false" align="center" aligny="center">keep</aspectratio>
                <texture background="true">$INFO[ListItem.Art(thumb)]</texture>
            </control>
        </focusedlayout>
    </include>

<!-- Ajout Include -->  
<include name="DefExtendedInfoItemContent">
        <control type="image">
            <left>5</left>
            <top>5</top>
            <right>5</right>
            <bottom>105</bottom>
            <texture colordiffuse="PosterBorder">common/white.png</texture>
        </control>
        <control type="image">
            <left>10</left>
            <top>10</top>
            <right>10</right>
            <bottom>110</bottom>
            <aspectratio scalediffuse="false">scale</aspectratio>  
            <texture diffuse="common/white.png" background="true" fallback="DefaultPicture.png">$INFO[ListItem.Icon]</texture>
        </control>     
        <control type="image">
            <left>5</left>
            <right>5</right>
            <bottom>0</bottom>
            <height>86</height>
            <texture colordiffuse="PosterBorder">common/white.png</texture>
        </control>
        <control type="textbox">
            <left>20</left>
            <right>20</right>
            <centerbottom>44</centerbottom>
            <height>86</height>
            <autoscroll>false</autoscroll>
            <font>Font-ListInfo</font>
            <textcolor>ListLabel</textcolor>
            <label>$INFO[ListItem.Label]</label>
            <aligny>center</aligny>
            <align>center</align>
        </control>
    </include>

<!-- Ajout Include -->    
    <include name="DefExtendedInfoFocusContent">
        <control type="image">
            <left>5</left>
            <top>5</top>
            <right>5</right>
            <bottom>105</bottom>
            <texture colordiffuse="PosterBorder">common/white.png</texture>
        </control>
        <control type="image">
            <left>10</left>
            <top>10</top>
            <right>10</right>
            <bottom>110</bottom>
            <aspectratio scalediffuse="false">scale</aspectratio>        
            <texture diffuse="common/white.png" background="true" fallback="DefaultPicture.png">$INFO[ListItem.Icon]</texture>
        </control>
        <control type="group">
            <control type="image">
                <left>5</left>
                <right>5</right>
                <bottom>0</bottom>
                <height>86</height>
                <texture colordiffuse="$VAR[HighlightColor]">common/white.png</texture>
            </control>
            <control type="textbox">
                <left>20</left>
                <right>20</right>
                <centerbottom>44</centerbottom>
                <height>86</height>
                <autoscroll>false</autoscroll>
                <font>Font-ListInfo</font>
                <textcolor>Selected</textcolor>
                <label>$INFO[ListItem.Label]</label>
                <aligny>center</aligny>
                <align>center</align>
            </control>
        </control>
    </include>
      
    <!-- Me -->
    <include name="Defs_ViewBackground">
        <left>sidepad</left>
        <right>sidepad</right>
        <top>top</top>
        <height>height</height>
        <include>Animation_Common</include>
    </include>

    <variable name="Defs_SpinnerTexture">
        <value condition="!IsEmpty(Skin.String(SkinHelper.SpinnerTexturePath)) + !IsEmpty(Skin.String(SkinHelper.SpinnerTexture)) + !StringCompare(Skin.String(SkinHelper.SpinnerTexturePath),None)">$INFO[Skin.String(SkinHelper.SpinnerTexturePath)]</value>
        <value>special://skin/extras/busy_spinners/Default</value>
    </variable>
    <include name="Defs_OptionButton">
        <width>364</width>
        <height>69</height>
        <textcolor>ListLabel</textcolor>
        <alttextcolor>Selected</alttextcolor>
        <selectedcolor>Selected</selectedcolor>
        <focusedcolor>Selected</focusedcolor>
        <font>Font-ListInfo-Small</font>
        <aligny>center</aligny>
        <textoffsetx>side</textoffsetx>
        <radioposx>320</radioposx>
        <texturenofocus colordiffuse="PosterBorder">common/white.png</texturenofocus>
        <texturefocus colordiffuse="$VAR[HighlightColor]">common/white.png</texturefocus>
        <alttexturenofocus colordiffuse="PosterBorder">common/white.png</alttexturenofocus>
        <alttexturefocus colordiffuse="$VAR[HighlightColor]">common/white.png</alttexturefocus>
    </include>
    <include name="Defs_OptionButton2">
        <width>364</width>
        <height>69</height>
        <textcolor>ListLabel</textcolor>
        <alttextcolor>Selected</alttextcolor>
        <selectedcolor>Selected</selectedcolor>
        <focusedcolor>Selected</focusedcolor>
        <font>Font-ListInfo-Small</font>
        <aligny>center</aligny>
        <align>right</align>
        <textoffsetx>side</textoffsetx>
        <radioposx>40</radioposx>
        <texturenofocus colordiffuse="PosterBorder">common/white.png</texturenofocus>
        <texturefocus colordiffuse="$VAR[HighlightColor]">common/white.png</texturefocus>
        <alttexturenofocus colordiffuse="PosterBorder">common/white.png</alttexturenofocus>
        <alttexturefocus colordiffuse="$VAR[HighlightColor]">common/white.png</alttexturefocus>
    </include>    
    <include name="Defs_OptionButton3">
        <width>auto</width>
        <height>64</height>
        <font>Font-ListInfo-Small-Bold</font>
        <include>Defs_OptionButton_Basic</include>
        <texturenofocus colordiffuse="PosterBorder">common/white.png</texturenofocus>
        <texturefocus colordiffuse="$VAR[HighlightColor]">common/white.png</texturefocus>
        <alttexturenofocus colordiffuse="PosterBorder">common/white.png</alttexturenofocus>
        <alttexturefocus colordiffuse="$VAR[HighlightColor]">common/white.png</alttexturefocus>
    </include>	
		    <include name="Defs_OptionButton_Basic">
        <width>364</width>
        <height>72</height>
        <textcolor>ListLabel</textcolor>
        <alttextcolor>Selected</alttextcolor>
        <selectedcolor>Selected</selectedcolor>
        <focusedcolor>Selected</focusedcolor>
        <font>Font-ListInfo-Small</font>
        <aligny>center</aligny>
        <textoffsetx>bigpad</textoffsetx>
        <radioposx>320</radioposx>
    </include>	
    <include name="Defs_OptionRadioButton">
        <width>364</width>
        <height>69</height>
        <textcolor>ListLabel</textcolor>
        <alttextcolor>Selected</alttextcolor>
        <selectedcolor>Selected</selectedcolor>
        <focusedcolor>Selected</focusedcolor>
        <font>Font-ListInfo-Small</font>
        <aligny>center</aligny>
        <textwidth>310</textwidth>
        <scroll>yes</scroll>
        <textoffsetx>side</textoffsetx>
        <radioposx>40</radioposx>
        <align>right</align>
        <texturenofocus colordiffuse="PosterBorder">common/white.png</texturenofocus>
        <texturefocus colordiffuse="$VAR[HighlightColor]">common/white.png</texturefocus>
        <alttexturenofocus colordiffuse="PosterBorder">common/white.png</alttexturenofocus>
        <alttexturefocus colordiffuse="$VAR[HighlightColor]">common/white.png</alttexturefocus>
    </include>
    <include name="Defs_OSDButton">
        <width>230</width>
        <height>48</height>
        <textcolor>ListLabel</textcolor>
        <selectedcolor>$VAR[HighlightColor]</selectedcolor>
        <focusedcolor>$VAR[HighlightColor]</focusedcolor>
        <font>Font-OSD</font>
        <aligny>center</aligny>
        <align>center</align>
        <textoffsetx>side</textoffsetx>
        <texturenofocus>noop</texturenofocus>
        <texturefocus>noop</texturefocus>
        <alttexturenofocus>noop</alttexturenofocus>
        <alttexturefocus>noop</alttexturefocus>
    </include>
    <include name="Defs_KeyboardButton">
        <width>120</width>
        <height>70</height>
        <textcolor>ListLabel</textcolor>
        <selectedcolor>Selected</selectedcolor>
        <focusedcolor>Selected</focusedcolor>
        <font>Font-ListInfo-Small</font>
        <aligny>center</aligny>
        <textoffsetx>side</textoffsetx>
        <radioposx>320</radioposx>
        <texturenofocus colordiffuse="PosterBorder">common/white.png</texturenofocus>
        <texturefocus colordiffuse="$VAR[HighlightColor]">common/white.png</texturefocus>
        <alttexturenofocus colordiffuse="PosterBorder">common/white.png</alttexturenofocus>
        <alttexturefocus colordiffuse="$VAR[HighlightColor]">common/white.png</alttexturefocus>
    </include>
    <variable name="Defs_Hub_Widget">
        <value condition="!IsEmpty(Container(9501).ListItem.Property(widgetPath))">$INFO[Container(9501).ListItem.Property(widgetPath)]</value>
        <value condition="!IsEmpty(Container(9501).ListItem.Property(hubImage))">$INFO[Container(9501).ListItem.Property(hubImage)]</value>
        <value condition="Window.IsVisible(1101) + !IsEmpty(Skin.String(Widget.1101))">$INFO[Skin.String(Widget.1101)]</value>
        <value condition="Window.IsVisible(1102) + !IsEmpty(Skin.String(Widget.1102))">$INFO[Skin.String(Widget.1102)]</value>
        <value condition="Window.IsVisible(1103) + !IsEmpty(Skin.String(Widget.1103))">$INFO[Skin.String(Widget.1103)]</value>
        <value condition="Window.IsVisible(1104) + !IsEmpty(Skin.String(Widget.1104))">$INFO[Skin.String(Widget.1104)]</value>
        <value condition="Window.IsVisible(1105) + !IsEmpty(Skin.String(Widget.1105))">$INFO[Skin.String(Widget.1105)]</value>
        <value condition="Window.IsVisible(1106) + !IsEmpty(Skin.String(Widget.1106))">$INFO[Skin.String(Widget.1106)]</value>
        <value condition="Window.IsVisible(1107) + !IsEmpty(Skin.String(Widget.1107))">$INFO[Skin.String(Widget.1107)]</value>
        <value condition="Window.IsVisible(1108) + !IsEmpty(Skin.String(Widget.1108))">$INFO[Skin.String(Widget.1108)]</value>
        <value condition="Window.IsVisible(1109) + !IsEmpty(Skin.String(Widget.1109))">$INFO[Skin.String(Widget.1109)]</value>
        <value condition="Window.IsVisible(1110) + !IsEmpty(Skin.String(Widget.1110))">$INFO[Skin.String(Widget.1110)]</value>
        <value condition="Window.IsVisible(1111) + !IsEmpty(Skin.String(Widget.1111))">$INFO[Skin.String(Widget.1111)]</value>
        <value condition="Window.IsVisible(1112) + !IsEmpty(Skin.String(Widget.1112))">$INFO[Skin.String(Widget.1112)]</value>
        <value condition="Window.IsVisible(1113) + !IsEmpty(Skin.String(Widget.1113))">$INFO[Skin.String(Widget.1113)]</value>
        <value condition="Window.IsVisible(1114) + !IsEmpty(Skin.String(Widget.1114))">$INFO[Skin.String(Widget.1114)]</value>
        <value condition="Window.IsVisible(1115) + !IsEmpty(Skin.String(Widget.1115))">$INFO[Skin.String(Widget.1115)]</value>
        <value condition="Window.IsVisible(1116) + !IsEmpty(Skin.String(Widget.1116))">$INFO[Skin.String(Widget.1116)]</value>
        <value condition="Window.IsVisible(1117) + !IsEmpty(Skin.String(Widget.1117))">$INFO[Skin.String(Widget.1117)]</value>
        <value condition="Window.IsVisible(1118) + !IsEmpty(Skin.String(Widget.1118))">$INFO[Skin.String(Widget.1118)]</value>
        <value condition="Window.IsVisible(1119) + !IsEmpty(Skin.String(Widget.1119))">$INFO[Skin.String(Widget.1119)]</value>
        <value condition="Window.IsVisible(1120) + !IsEmpty(Skin.String(Widget.1120))">$INFO[Skin.String(Widget.1120)]</value>
		<value condition="Window.IsVisible(1121) + !IsEmpty(Skin.String(Widget.1121))">$INFO[Skin.String(Widget.1121)]</value>
		<value condition="Window.IsVisible(1122) + !IsEmpty(Skin.String(Widget.1122))">$INFO[Skin.String(Widget.1122)]</value>
		<value condition="Window.IsVisible(1123) + !IsEmpty(Skin.String(Widget.1123))">$INFO[Skin.String(Widget.1123)]</value>
		<value condition="Window.IsVisible(1124) + !IsEmpty(Skin.String(Widget.1124))">$INFO[Skin.String(Widget.1124)]</value>
        <value condition="Window.IsVisible(1102)">special://skin/extras/playlists/RandomEpisodes.xsp</value>
        <value>special://skin/extras/playlists/RandomMovies.xsp</value>
    </variable>
    <variable name="Defs_HomeTileColor">
        <value condition="Skin.HasSetting(home.tilecolor) + !IsEmpty(Container(9000).ListItem.Property(tilecolor))">$INFO[Container(9000).ListItem.Property(tilecolor)]</value>
        <value condition="Skin.HasSetting(home.tilecolor) + !IsEmpty(Container(211).ListItem.Property(tilecolor))">$INFO[Container(211).ListItem.Property(tilecolor)]</value>
        <value>$VAR[HighlightColor]</value>
    </variable>
<!-- Ajout Variable -->    
    <variable name="Defs_HomeTextColor">
        <value condition="!IsEmpty(Container(9000).ListItem.Property(textcolor)) + Skin.HasSetting(home.textcolor)">$INFO[Container(9000).ListItem.Property(textcolor)]</value>
        <value condition="IsEmpty(Skin.String(TextColor))">HomeBarFG</value>
        <value>$INFO[Skin.String(TextColor)]</value>
    </variable>

    <include name="Defs_Shortcuts_SetHub">
        <control type="button" id="$PARAM[buttonid2]" description="Set HUB WIDGET">
            <width>100%</width>
            <label>31097</label>
            <label2>$INFO[Skin.String(Widget.$PARAM[hubid].Label)]</label2>
            <visible>stringcompare(Window.Property(groupname),mainmenu)</visible>
            <visible>stringcompare(Container(211).ListItem.Label2,Hub $PARAM[hubid]) | stringcompare(Container(211).ListItem.Property(Path),ActivateWindow($PARAM[hubid]))</visible>
            <include>Defs_OptionButton</include>
            <onclick>RunScript(script.skinshortcuts,type=shortcuts&amp;grouping=widget&amp;skinList=Widget.$PARAM[hubid]&amp;skinLabel=Widget.$PARAM[hubid].Label)</onclick>
        </control>
        <control type="button" id="$PARAM[buttonid1]" description="Set HUB">
            <width>100%</width>
            <label>31096</label>
            <visible>stringcompare(Window.Property(groupname),mainmenu)</visible>
            <include>Defs_OptionButton</include>
            <visible>stringcompare(Container(211).ListItem.Label2,Hub $PARAM[hubid]) | stringcompare(Container(211).ListItem.Property(Path),ActivateWindow($PARAM[hubid]))</visible>
            <onclick>RunScript(script.skinshortcuts,type=manage&amp;group=x$PARAM[hubid])</onclick>
        </control>
    </include>
    <variable name="Defs_HomeWidget_Content">
        <value condition="Player.HasVideo + Skin.HasSetting(background.showvideo)">noop</value>
        <value condition="StringCompare(Container(9000).ListItem.Property(widget),Weather) + !IsEmpty(Skin.String(weather.fanart.path))">$INFO[Skin.String(weather.fanart.path)]$INFO[Window(Weather).Property(Current.FanartCode)]/</value>
        <value condition="!IsEmpty(Container(9000).ListItem.Property(widgetPath)) + !Skin.HasSetting(widgets.persistent)">$INFO[Container(9000).ListItem.Property(widgetPath)]</value>
        <value condition="!IsEmpty(Container(9000).ListItem.Property(Background))">noop</value>
        <value condition="StringCompare(Skin.String(home.fallbackwidget),Weather) + !IsEmpty(Skin.String(weather.fanart.path))">$INFO[Skin.String(weather.fanart.path)]$INFO[Window(Weather).Property(Current.FanartCode)]/</value>
        <value condition="!IsEmpty(Skin.String(home.fallbackwidget))">$INFO[Skin.String(home.fallbackwidget)]</value>
        <value>special://skin/extras/playlists/RandomMovies.xsp</value>
    </variable>
    <variable name="Defs_Widget_Label">
        <value condition="StringCompare(Window.Property(groupname),mainmenu)">Widget</value>
        <value condition="SubString(Window.Property(groupname),x11,Left)">$LOCALIZE[31097]</value>    
    </variable>
    <variable name="Defs_Widget_Label2">
        <value condition="StringCompare(Window.Property(groupname),mainmenu)">$VAR[Label_ShortcutsWidget]</value>
        <value condition="SubString(Window.Property(groupname),x11,Left)">$INFO[Container(211).ListItem.Property(widgetName)]</value>
    </variable>
		<include name="KodiFlixButtonsValues">
		<height>25</height>
		<width>901</width>
		<textoffsetx>15</textoffsetx>
		<aligny>top</aligny>
		<font>Netflix</font>
		<textcolor>white</textcolor>
		<focusedcolor>white</focusedcolor>
		<onclick>noop</onclick>
	</include>
	<include name="ClearArtLeft">
		<left>pad</left>
		<bottom>66</bottom>
	</include>
	<include name="ClearArtRight">
		<right>pad</right>
		<bottom>66</bottom>
	</include>
	<include name="ClearArtLeft2">
		<left>pad</left>
		<bottom>16</bottom>
	</include>
	<include name="ClearArtRight2">
		<right>pad</right>
		<bottom>16</bottom>
	</include>	
	<include name="ClearArtCenter">
		<centerleft>50%</centerleft>
		<bottom>16</bottom>
	</include>
	<include name="FullscreenDimensions">
		<width>100%</width>
		<height>1080</height>
	</include>	
</includes>
