<?xml version="1.0" encoding="UTF-8"?>
<window>
	<!-- skinsettings -->
	<backgroundcolor>Background</backgroundcolor>
	<defaultcontrol always="true">7001</defaultcontrol>
	<onload condition="IsEmpty(Skin.String(home.mainheadertext))">Skin.SetString(home.mainheadertext,$LOCALIZE[31158])</onload>
	<onload condition="IsEmpty(Skin.String(home.headertext))">Skin.SetString(home.headertext,$LOCALIZE[10000])</onload>
	<onload condition="IsEmpty(Skin.String(home.widgetposters))">Skin.SetString(home.widgetposters,$LOCALIZE[31155])</onload>
	<onunload>RunScript(script.skinshortcuts,type=buildxml&amp;mainmenuID=9000&amp;group=mainmenu|x1101|x1102|x1103|x1104|x1105|x1106|x1107|x1108|x1109|x1110|x1111|x1112|x1113|x1114|x1115||x1116||x1117||x1118||x1119||x1120||x1121||x1122||x1123||x1124|powermenu|quicknav)</onunload>
	<controls>
		<include>Furniture_Background</include>
		<include>Furniture_TopBar3</include>
		<include>Furniture_RSS</include>
		<include>QuickNav</include>
		<include>DefMenuMouse3</include>
		<include>snow</include>
		<control type="group">
			<include>Animation_SlideIn</include>
			<include>Animation_FadeOut</include>
			<!-- Left List -->
			<control type="group">
				<right>side</right>
				<top>top</top>
				<height>height</height>
				<width>475</width>
					<include condition="Skin.HasSetting(darkoverlay)">Object_Background2</include>
                    <include condition="!Skin.HasSetting(darkoverlay)">Object_Background</include>
				<include content="Object_Line">
					<param name="width" value="475" />
					<param name="label" value="31073" />
				</include>

				<control type="grouplist" id="8000">
					<itemgap>0</itemgap>
					<onleft>9000</onleft>
					<!-- Modification Onup -->
					<onup>8000</onup>
					<!-- Modification Ondown -->
					<ondown>8000</ondown>
					<!-- HOME ANONYMOUS -->
					<control type="togglebutton" id="7001">
						<width>475</width>
						<align>right</align>
						<label>11792</label>
						<altlabel>[COLOR=Selected]$LOCALIZE[11792][/COLOR]</altlabel>
						<usealttexture>ControlGroup(8000).HasFocus(7001)</usealttexture>
						<alttexturenofocus colordiffuse="$VAR[HighlightColor]">common/white.png</alttexturenofocus>
						<include>Defs_OptionButton</include>
					</control>
					<!-- HOME -->
					<control type="togglebutton" id="8001">
						<width>475</width>
						<align>right</align>
						<label>10000</label>
						<altlabel>[COLOR=Selected]$LOCALIZE[10000][/COLOR]</altlabel>
						<usealttexture>ControlGroup(8000).HasFocus(8001)</usealttexture>
						<alttexturenofocus colordiffuse="$VAR[HighlightColor]">common/white.png</alttexturenofocus>
						<include>Defs_OptionButton</include>
					</control>
					<!-- BACKGROUND -->
					<control type="togglebutton" id="8002">
						<width>475</width>
						<align>right</align>
						<label>31020</label>
						<altlabel>[COLOR=Selected]$LOCALIZE[31020][/COLOR]</altlabel>
						<usealttexture>ControlGroup(8000).HasFocus(8002)</usealttexture>
						<alttexturenofocus colordiffuse="$VAR[HighlightColor]">common/white.png</alttexturenofocus>
						<include>Defs_OptionButton</include>
					</control>
					<!-- MUSIC OSD -->
					<control type="togglebutton" id="8003">
						<width>475</width>
						<align>right</align>
						<label>31121</label>
						<altlabel>[COLOR=Selected]$LOCALIZE[31121][/COLOR]</altlabel>
						<usealttexture>ControlGroup(8000).HasFocus(8003)</usealttexture>
						<alttexturenofocus colordiffuse="$VAR[HighlightColor]">common/white.png</alttexturenofocus>
						<include>Defs_OptionButton</include>
					</control>
					<!-- VIDEO OSD -->
					<control type="togglebutton" id="8004">
						<width>475</width>
						<align>right</align>
						<label>31005</label>
						<altlabel>[COLOR=Selected]$LOCALIZE[31005][/COLOR]</altlabel>
						<usealttexture>ControlGroup(8000).HasFocus(8004)</usealttexture>
						<alttexturenofocus colordiffuse="$VAR[HighlightColor]">common/white.png</alttexturenofocus>
						<include>Defs_OptionButton</include>
					</control>
					<!-- HEADER -->
					<control type="togglebutton" id="8007">
						<width>475</width>
						<align>right</align>
						<label>31127</label>
						<altlabel>[COLOR=Selected]$LOCALIZE[31127][/COLOR]</altlabel>
						<usealttexture>ControlGroup(8000).HasFocus(8007)</usealttexture>
						<alttexturenofocus colordiffuse="$VAR[HighlightColor]">common/white.png</alttexturenofocus>
						<include>Defs_OptionButton</include>
					</control>
					<control type="togglebutton" id="8097">
						<width>475</width>
						<align>right</align>
						<label>$LOCALIZE[31509]</label>
						<altlabel>[COLOR=Selected]$LOCALIZE[31509][/COLOR]</altlabel>
						<usealttexture>ControlGroup(8000).HasFocus(8097)</usealttexture>
						<alttexturenofocus colordiffuse="$VAR[HighlightColor]">common/white.png</alttexturenofocus>
						<include>Defs_OptionButton</include>
					</control>
					
					<control type="radiobutton" id="804" description="Disable Weather in Clock">
					<label>31343645</label>
					<align>right</align>
					<font>Font-ListInfo</font>
					<radiowidth>40</radiowidth>
					<radioheight>40</radioheight>
					<radioposx>40</radioposx>
					<onclick>Skin.ToggleSetting(header.bg2)</onclick>
					<selected>Skin.HasSetting(header.bg2)</selected>
					<visible>ControlGroup(3).HasFocus(35)</visible>
					<texturefocus border="12" colordiffuse="$VAR[Highlight6]">common/white.png</texturefocus>
				</control>
					<!-- COLORS -->
					<control type="togglebutton" id="8008">
						<width>475</width>
						<align>right</align>
						<label>31126</label>
						<altlabel>[COLOR=Selected]$LOCALIZE[31126][/COLOR]</altlabel>
						<usealttexture>ControlGroup(8000).HasFocus(8008)</usealttexture>
						<alttexturenofocus colordiffuse="$VAR[HighlightColor]">common/white.png</alttexturenofocus>
						<include>Defs_OptionButton</include>
					</control>
					<!-- EXTRAS -->
					<control type="togglebutton" id="8009">
						<width>475</width>
						<align>right</align>
						<label>31110</label>
						<altlabel>[COLOR=Selected]$LOCALIZE[31110][/COLOR]</altlabel>
						<usealttexture>ControlGroup(8000).HasFocus(8009)</usealttexture>
						<alttexturenofocus colordiffuse="$VAR[HighlightColor]">common/white.png</alttexturenofocus>
						<include>Defs_OptionButton</include>
					</control>
					<!-- RESET SKIN -->
					<control type="togglebutton" id="8099">
						<width>475</width>
						<align>right</align>
						<label>31170</label>
						<altlabel>[COLOR=Selected]$LOCALIZE[31170][/COLOR]</altlabel>
						<usealttexture>ControlGroup(8000).HasFocus(8099)</usealttexture>
						<alttexturenofocus colordiffuse="$VAR[HighlightColor]">common/white.png</alttexturenofocus>
						<include>Defs_OptionButton</include>
					</control>
					<!-- ADDONS -->
					<control type="togglebutton" id="8098">
						<width>100%</width>
						<align>right</align>
						<label>31607</label>
						<altlabel>[COLOR=Selected]$LOCALIZE[31607][/COLOR]</altlabel>
						<usealttexture>ControlGroup(8000).HasFocus(8098)</usealttexture>
						<alttexturenofocus colordiffuse="$VAR[HighlightColor]">common/white.png</alttexturenofocus>
						<include>Defs_OptionButton</include>
					</control>
				</control>
			</control>
			<!-- Right List -->
			<control type="group">
				<right>505</right>
				<top>top</top>
				<height>height</height>
				<right>side</right>
									<include condition="Skin.HasSetting(darkoverlay)">Object_Background2</include>
                    <include condition="!Skin.HasSetting(darkoverlay)">Object_Background</include>
				<include content="Object_Line">
					<param name="width" value="1395" />
					<param name="label" value="$LOCALIZE[33063]" />
				</include>
				<control type="grouplist" id="9000">
					<itemgap>0</itemgap>
					<onright>8000</onright>
					<!-- HOME -->
					<!-- Customise Home Menu -->
					<control type="button" id="8101">
						<width>100%</width>
						<align>right</align>
						<label>31049</label>
						<onclick>RunScript(script.skinshortcuts,type=manage&amp;group=mainmenu)</onclick>
						<include>Defs_OptionButton</include>
						<visible>ControlGroup(8000).HasFocus(7001)</visible>
					</control>
										<!-- QuickNav -->
					<control type="button" id="9988">
						<width>100%</width>
						<align>right</align>
						<label>31792</label>
						<include>Defs_OptionButton</include>
						<onclick>RunScript(script.skinshortcuts,type=manage&amp;group=quicknav)</onclick>
						<visible>ControlGroup(8000).HasFocus(7001)</visible>
					</control>
						<!-- SHOWCASE -->
						<control type="button" id="9957">
						<width>100%</width>
						<align>right</align>
						<label>$LOCALIZE[31276]</label>
						<onclick>ActivateWindow(1130)</onclick>
						<include>Defs_OptionButton</include>
						<visible>ControlGroup(8000).HasFocus(7001)</visible>
					</control>
					<control type="radiobutton" id="9958">
						<width>100%</width>
						<label>$LOCALIZE[31268]</label>
						<align>right</align>
						<radioposx>40</radioposx>
						<selected>!Skin.HasSetting(DisableShowcase)</selected>
						<onclick>Skin.ToggleSetting(DisableShowcase)</onclick>
						<include>Defs_OptionButton</include>
						<visible>ControlGroup(8000).HasFocus(7001)</visible>
					</control>					
										<!-- Home Style -->
					<control type="button" id="8111">
						<width>100%</width>
						<label>31173</label>
						<label2>$VAR[Label_SkinSetting_HomeStyle]</label2>
						<onclick>ActivateWindow(1194)</onclick>
						<onclick>ReloadSkin()</onclick>
						<include>Defs_OptionButton</include>
						<visible>ControlGroup(8000).HasFocus(7001)</visible>
					</control>
					<!-- Home Style categories zeev -->
					<control type="button" id="8112">
					<width>100%</width>
					<label>31343757</label>
					<align>right</align>
					
					<label2>31343757</label2>
					<onclick>RunScript(script.skin.helper.service,action=setskinsetting,setting=categories,header=$LOCALIZE[31343757])</onclick>
					<onclick>ReloadSkin()</onclick> 
					<include>Defs_OptionButton</include>
					<visible>ControlGroup(8000).HasFocus(7001)</visible>
				</control>
					<!-- Home Bar Color -->
					<control type="button" id="8114">
						<width>100%</width>
						<label>- $LOCALIZE[31673]</label>
						<label2>$VAR[Label_SkinSetting_HomeBarColor]</label2>
						<onclick>RunScript(script.skin.helper.service,action=colorpicker,skinstring=HomeBarColor)</onclick>
						<include>Defs_OptionButton</include>
						<visible>ControlGroup(8000).HasFocus(8001)</visible>
					</control>
					<!-- Reset Home Bar Color -->
					<control type="button" id="8115">
						<width>100%</width>
						<align>right</align>
						<label>$LOCALIZE[31674] --</label>
						<onclick>Skin.Reset(HomeBarColor)</onclick>
						<include>Defs_OptionButton</include>
						<visible>ControlGroup(8000).HasFocus(8001)</visible>
					</control>
					<!-- Widget Posters -->
					<control type="button" id="8104">
						<width>100%</width>
						<label>31150</label>
						<label2>$INFO[Skin.String(home.widgetposters)]</label2>
						<radioposx>1350</radioposx>
						<onclick condition="!stringcompare(Skin.String(home.widgetposters),$LOCALIZE[31166]) + !stringcompare(Skin.String(home.widgetposters),$LOCALIZE[31155]) + !stringcompare(Skin.String(home.widgetposters),$LOCALIZE[31153])">Skin.SetString(home.widgetposters,$LOCALIZE[31166])</onclick>
						<onclick condition="!stringcompare(Skin.String(home.widgetposters),$LOCALIZE[31155]) + !stringcompare(Skin.String(home.widgetposters),$LOCALIZE[31153]) + !stringcompare(Skin.String(home.widgetposters),$LOCALIZE[31154])">Skin.SetString(home.widgetposters,$LOCALIZE[31155])</onclick>
						<onclick condition="!stringcompare(Skin.String(home.widgetposters),$LOCALIZE[31166]) + !stringcompare(Skin.String(home.widgetposters),$LOCALIZE[31155]) + !stringcompare(Skin.String(home.widgetposters),$LOCALIZE[31154])">Skin.SetString(home.widgetposters,$LOCALIZE[31154])</onclick>
						<onclick condition="!stringcompare(Skin.String(home.widgetposters),$LOCALIZE[31166]) + !stringcompare(Skin.String(home.widgetposters),$LOCALIZE[31153]) + !stringcompare(Skin.String(home.widgetposters),$LOCALIZE[31154]) + !Skin.HasSetting(home.hidewidgetbox)">Skin.SetString(home.widgetposters,$LOCALIZE[31153])</onclick>
						<onclick condition="!stringcompare(Skin.String(home.widgetposters),$LOCALIZE[31166]) + !stringcompare(Skin.String(home.widgetposters),$LOCALIZE[31153]) + !stringcompare(Skin.String(home.widgetposters),$LOCALIZE[31154]) + Skin.HasSetting(home.hidewidgetbox)">Skin.SetString(home.widgetposters,$LOCALIZE[31154])</onclick>
						<include>Defs_OptionButton</include>
						<visible>ControlGroup(8000).HasFocus(8001)</visible>
					</control>
					<!-- Widget DiscArt -->
					<control type="radiobutton" id="8105">
						<width>100%</width>
						<align>right</align>
						<label>$LOCALIZE[31156]</label>
						<radioposx>40</radioposx>
						<enable>!stringcompare(Skin.String(home.widgetposters),$LOCALIZE[31153]) + !stringcompare(Skin.String(home.widgetposters),$LOCALIZE[31154])</enable>
						<selected>!Skin.HasSetting(home.showdiscart)</selected>
						<onclick>Skin.ToggleSetting(home.showdiscart)</onclick>
						<include>Defs_OptionButton</include>
						<visible>ControlGroup(8000).HasFocus(7001)</visible>
						<visible>!stringcompare(Skin.String(home.widgetposters),$LOCALIZE[31153]) + !stringcompare(Skin.String(home.widgetposters),$LOCALIZE[31154])</visible>
					</control>
					

					<!-- Submenus Style -->
					<control type="button" id="8147">
						<width>100%</width>
						<label>31757</label>
						<label2>$VAR[Label_SkinSetting_SubmenuStyle]</label2>
						<onclick>RunScript(script.skin.helper.service,action=setskinsetting,setting=SubmenuStyle,header=$LOCALIZE[31757])</onclick>
						<onclick>ReloadSkin()</onclick>
						<include>Defs_OptionButton</include>
						<visible>ControlGroup(8000).HasFocus(8001)</visible>
					</control>
					<!-- Hide Submenus Icons -->
					<control type="radiobutton" id="8146">
						<width>100%</width>
						<label>- $LOCALIZE[31751]</label>
						<radioposx>40</radioposx>
						<align>right</align>
						<selected>Skin.HasSetting(home.hidesubmenusicons)</selected>
						<onclick>Skin.ToggleSetting(home.hidesubmenusicons)</onclick>
						<include>Defs_OptionButton</include>
						<visible>ControlGroup(8000).HasFocus(8001)</visible>
					</control>
					<!-- Fallback Widget -->
					<control type="button" id="8102">
						<width>100%</width>
						<label>31147</label>
						<label2>$VAR[Label_SkinSetting_FallbackWidget]</label2>
						<onclick>RunScript(script.skinshortcuts,type=shortcuts&amp;grouping=widget&amp;skinList=home.fallbackwidget&amp;skinLabel=home.fallbackwidget.name&amp;skinType=home.fallbackwidget.type)</onclick>
						<include>Defs_OptionButton</include>
						<visible>ControlGroup(8000).HasFocus(8001)</visible>
					</control>
					<!-- Persistent Widgets-->
					<control type="radiobutton" id="8148">
						<width>100%</width>
						<label>31195</label>
						<radioposx>40</radioposx>
						<align>right</align>
						<selected>!Skin.HasSetting(widgets.persistent)</selected>
						<onclick>Skin.ToggleSetting(widgets.persistent)</onclick>
						<include>Defs_OptionButton</include>
						<visible>ControlGroup(8000).HasFocus(8001)</visible>
					</control>
					<!-- Widget Info Box -->
					<control type="radiobutton" id="8103">
						<width>100%</width>
						<align>right</align>
						<label>31016</label>
						<radioposx>40</radioposx>
						<selected>!Skin.HasSetting(home.hidewidgetbox)</selected>
						<onclick condition="!Skin.HasSetting(home.hidewidgetbox) + stringcompare(Skin.String(home.widgetposters),$LOCALIZE[31153])">Skin.SetString(home.widgetposters,$LOCALIZE[31154])</onclick>
						<onclick>Skin.ToggleSetting(home.hidewidgetbox)</onclick>
						<include>Defs_OptionButton</include>
						<visible>ControlGroup(8000).HasFocus(8001)</visible>
					</control>

					<!-- Show Indicators -->
					<control type="radiobutton" id="8120">
						<width>100%</width>
						<label>$LOCALIZE[31717]</label>
						<radioposx>40</radioposx>
						<align>right</align>
						<selected>Skin.HasSetting(home.showindicators)</selected>
						<onclick>Skin.ToggleSetting(home.showindicators)</onclick>
						<include>Defs_OptionButton</include>
						<visible>ControlGroup(8000).HasFocus(8001)</visible>
						<visible>stringcompare(Skin.String(home.widgetposters),$LOCALIZE[31153]) | stringcompare(Skin.String(home.widgetposters),$LOCALIZE[31154]) | stringcompare(Skin.String(home.widgetposters),$LOCALIZE[31166])</visible>
					</control>
					<!-- Show Logos on Widgets -->
					<control type="radiobutton" id="8145">
						<width>100%</width>
						<label>31535</label>
						<radioposx>40</radioposx>
						<align>right</align>
						<selected>Skin.HasSetting(home.showclearlogo)</selected>
						<onclick>Skin.ToggleSetting(home.showclearlogo)</onclick>
						<include>Defs_OptionButton</include>
						<visible>ControlGroup(8000).HasFocus(8001)</visible>
					</control>
					<!-- Header Icon -->
					<control type="button" id="8107">
						<width>100%</width>
						<label>31151</label>
						<label2>$VAR[Label_SkinSetting_HeaderIcon]</label2>
						<onclick condition="IsEmpty(Skin.String(home.headericon))">Skin.SetImage(home.headericon,special://skin/extras/icons/)</onclick>
						<onclick condition="!IsEmpty(Skin.String(home.headericon))">Skin.Reset(home.headericon)</onclick>
						<include>Defs_OptionButton</include>
						<visible>ControlGroup(8000).HasFocus(8001)</visible>
						<visible>!Skin.HasSetting(disable.headertile)</visible>
					</control>
					<!-- Header Icon Text -->
					<control type="button" id="8108">
						<width>100%</width>
						<label>31152</label>
						<label2>$INFO[Skin.String(home.headertext)]</label2>
						<onclick>Skin.SetString(home.headertext)</onclick>
						<include>Defs_OptionButton</include>
						<visible>ControlGroup(8000).HasFocus(8001)</visible>
						<visible>!Skin.HasSetting(disable.headertile)</visible>
					</control>
					<!-- Main Header Text -->
					<control type="button" id="8109">
						<width>100%</width>
						<label>31157</label>
						<label2>$INFO[Skin.String(home.mainheadertext)]</label2>
						<onclick>Skin.SetString(home.mainheadertext)</onclick>
						<include>Defs_OptionButton</include>
						<visible>ControlGroup(8000).HasFocus(8001)</visible>
					</control>
					<!-- Modification Home Style -->
					<!--  Ajout Widget Style -->
					<control type="button" id="8113">
						<width>100%</width>
						<label>31507</label>
						<label2>$VAR[Label_SkinSetting_WidgetStyle]</label2>
						<onclick>RunScript(script.skin.helper.service,action=setskinsetting,setting=WidgetStyle,header=$LOCALIZE[31507])</onclick>
						<include>Defs_OptionButton</include>
						<visible>ControlGroup(8000).HasFocus(8001)</visible>
					</control>
					<!-- Widget Primary Color -->
					<control type="button" id="8116">
						<width>100%</width>
						<label>- $LOCALIZE[31677]</label>
						<label2>$VAR[Label_SkinSetting_WidgetPrimaryColor]</label2>
						<onclick>RunScript(script.skin.helper.service,action=colorpicker,skinstring=WidgetPrimaryColor)</onclick>
						<include>Defs_OptionButton</include>
						<visible>ControlGroup(8000).HasFocus(8001)</visible>
					</control>
					<!-- Reset Widget Primary Color -->
					<control type="button" id="8117">
						<width>100%</width>
						<label>$LOCALIZE[31679] --</label>
						<align>right</align>
						<onclick>Skin.Reset(WidgetPrimaryColor)</onclick>
						<include>Defs_OptionButton</include>
						<visible>ControlGroup(8000).HasFocus(8001)</visible>
					</control>
					<!-- Widget Secondary Color -->
					<control type="button" id="8118">
						<width>100%</width>
						<label>- $LOCALIZE[31678]</label>
						<label2>$VAR[Label_SkinSetting_WidgetSecondaryColor]</label2>
						<onclick>RunScript(script.skin.helper.service,action=colorpicker,skinstring=WidgetSecondaryColor)</onclick>
						<include>Defs_OptionButton</include>
						<visible>ControlGroup(8000).HasFocus(8001)</visible>
					</control>
					<!-- Reset Widget Secondary Color -->
					<control type="button" id="8119">
						<width>100%</width>
						<align>right</align>
						<label>$LOCALIZE[31680] --</label>
						<onclick>Skin.Reset(WidgetSecondaryColor)</onclick>
						<include>Defs_OptionButton</include>
						<visible>ControlGroup(8000).HasFocus(8001)</visible>
					</control>
					<!-- BACKGROUND -->
					<!-- Fanart -->
					<control type="radiobutton" id="8201">
						<width>100%</width>
						<label>31021</label>
						<radioposx>40</radioposx>
						<align>right</align>
						<selected>!Skin.HasSetting(background.hidefanart)</selected>
						<onclick>Skin.ToggleSetting(background.hidefanart)</onclick>
						<include>Defs_OptionButton</include>
						<visible>ControlGroup(8000).HasFocus(8002)</visible>
					</control>
					<!-- Replace widget fanart with background -->
					<control type="radiobutton" id="8212">
						<width>100%</width>
						<label>31686</label>
						<radioposx>40</radioposx>
						<align>right</align>
						<selected>Skin.HasSetting(replace.widgetbackground)</selected>
						<onclick>Skin.ToggleSetting(replace.widgetbackground)</onclick>
						<include>Defs_OptionButton</include>
						<visible>ControlGroup(8000).HasFocus(8002)</visible>
					</control>
					<!-- Show background video -->
					<control type="radiobutton" id="8202">
						<width>100%</width>
						<label>31027</label>
						<radioposx>40</radioposx>
						<align>right</align>
						<selected>Skin.HasSetting(background.showvideo)</selected>
						<onclick>Skin.ToggleSetting(background.showvideo)</onclick>
						<include>Defs_OptionButton</include>
						<visible>ControlGroup(8000).HasFocus(8002)</visible>
					</control>
							<!-- שקיפות רקע מעטפת -->
					<control type="button" id="8218">
					<align>left</align>
					<width>100%</width>
					<include>Defs_OptionButton</include>
					<enable>!Skin.HasSetting(disable.fanart)</enable>
				<label>$INFO[Skin.String(topbar_home_opacity2),,%]</label>
				<label2>$LOCALIZE[32107]</label2>
					<onclick condition="skin.string(topbar_home_opacity2, 100) | IsEmpty(skin.string(topbar_home_opacity2))">Skin.SetString(topbar_home_opacity2, 90)</onclick>
				<onclick condition="skin.string(topbar_home_opacity2, 90)">Skin.SetString(topbar_home_opacity2, 80)</onclick>
				<onclick condition="skin.string(topbar_home_opacity2, 80)">Skin.SetString(topbar_home_opacity2, 70)</onclick>
				<onclick condition="skin.string(topbar_home_opacity2, 70)">Skin.SetString(topbar_home_opacity2, 60)</onclick>
				<onclick condition="skin.string(topbar_home_opacity2, 60)">Skin.SetString(topbar_home_opacity2, 50)</onclick>
				<onclick condition="skin.string(topbar_home_opacity2, 50)">Skin.SetString(topbar_home_opacity2, 40)</onclick>
				<onclick condition="skin.string(topbar_home_opacity2, 40)">Skin.SetString(topbar_home_opacity2, 30)</onclick>
				<onclick condition="skin.string(topbar_home_opacity2, 30)">Skin.SetString(topbar_home_opacity2, 20)</onclick>
				<onclick condition="skin.string(topbar_home_opacity2, 20)">Skin.SetString(topbar_home_opacity2, 10)</onclick>
				<onclick condition="skin.string(topbar_home_opacity2, 10)">Skin.SetString(topbar_home_opacity2, 0)</onclick>
				<onclick condition="skin.string(topbar_home_opacity2, 0)">Skin.SetString(topbar_home_opacity2, 100)</onclick>
             <visible>ControlGroup(8000).HasFocus(8002)</visible>
			</control>
					<control type="radiobutton" id="8204">
                        <width>100%</width>
                        <label>31775</label>
                        <radioposx>40</radioposx>
						<align>right</align>
                        <selected>Skin.HasSetting(darkoverlay)</selected>
                        <onclick>Skin.ToggleSetting(darkoverlay)</onclick>
                        <include>Defs_OptionButton</include>
						<visible>ControlGroup(8000).HasFocus(7001)</visible>
                    </control>
					<control type="radiobutton" id="8205">
                        <width>100%</width>
                        <label>31790</label>
                        <radioposx>40</radioposx>
						<align>right</align>
                        <selected>Skin.HasSetting(lightshadows)</selected>
                        <onclick>Skin.ToggleSetting(lightshadows)</onclick>
                        <include>Defs_OptionButton</include>
						<visible>ControlGroup(8000).HasFocus(7001)</visible>
                    </control>
						<control type="radiobutton" id="8206">
                        <width>100%</width>
                        <label>31806</label>
                        <radioposx>40</radioposx>
						<align>right</align>
                        <selected>Skin.HasSetting(hubbars)</selected>
                        <onclick>Skin.ToggleSetting(hubbars)</onclick>
                        <include>Defs_OptionButton</include>
						<visible>ControlGroup(8000).HasFocus(7001)</visible>
                    </control>
					<!-- תפריט תוכן אנכי במקום אופקי -->
					   <control type="radiobutton" id="9963">
                        <radioposx>40</radioposx>
                        <width>100%</width>
                        <label>31248</label>
						<align>right</align>
                        <selected>Skin.HasSetting(verticalcontext)</selected>
                        <onclick>Skin.ToggleSetting(verticalcontext)</onclick>
                        <include>Defs_OptionButton</include>
						<visible>ControlGroup(8000).HasFocus(7001)</visible>
                    </control>
					
					<control type="radiobutton" id="8216">
					<label>31343631</label>
					<width>100%</width>
					<align>right</align>
					<radioposx>40</radioposx>  
					<include>Defs_OptionButton</include>
					<selected>!Skin.HasSetting(home.transparent2)</selected>
					<onclick>Skin.ToggleSetting(home.transparent2)</onclick>
					<visible>ControlGroup(8000).HasFocus(7001)</visible>
				</control>
					<!-- Show widget fanart on up -->
                    <control type="radiobutton" id="9956">
                        <width>100%</width>
                        <label>$LOCALIZE[31277]</label>
                        <radioposx>40</radioposx>
						<align>right</align>
                        <selected>Skin.HasSetting(home.widback)</selected>
                        <onclick>Skin.ToggleSetting(home.widback)</onclick>
                        <include>Defs_OptionButton</include>
						<visible>Skin.HasSetting(replace.widgetbackground)</visible>
						<visible>ControlGroup(8000).HasFocus(7001)</visible>
                    </control>					
					 <!-- Darken Settings -->
                    <control type="radiobutton" id="8217">
                        <width>100%</width>
                        <label>31244</label>
                        <radioposx>40</radioposx>
						<align>right</align>
                        <selected>Skin.HasSetting(darkensettings)</selected>
                        <onclick>Skin.ToggleSetting(darkensettings)</onclick>
                        <include>Defs_OptionButton</include>
						<visible>ControlGroup(8000).HasFocus(7001)</visible>
                    </control>					
					<control type="radiobutton" id="9989">
                <!-- enable snow on home -->
                 <width>100%</width>
                  <radioposx>40</radioposx>
				<align>right</align>
                <label>11797</label>
                <onclick>Skin.ToggleSetting(enablesnow)</onclick>
                <selected>Skin.HasSetting(enablesnow)</selected>
				<include>Defs_OptionButton</include>
				<visible>ControlGroup(8000).HasFocus(7001)</visible>
            </control>
			<!-- enable Christmas on home -->
			<control type="radiobutton" id="19989">
                 <width>100%</width>
                  <radioposx>40</radioposx>
				<align>right</align>
                <label>121797</label>
                <onclick>Skin.ToggleSetting(enablechristmas)</onclick>
                <selected>Skin.HasSetting(enablechristmas)</selected>
				<include>Defs_OptionButton</include>
				<visible>ControlGroup(8000).HasFocus(7001)</visible>
            </control>
			<!-- זמן הצגת הנגן -->
				<control type="button" id="9990" description="Show Vis Behind">
				                 <width>100%</width>
                  <radioposx>40</radioposx>
				  <include>Defs_OptionButton</include>
					<label>  $INFO[Skin.String(SkinHelper.AutoCloseMusicOSD)]</label>
					<align>left</align>
					<font>Font-ListInfo</font>                   
					<onclick>Skin.SetNumeric(SkinHelper.AutoCloseMusicOSD)</onclick>
					<label2>$LOCALIZE[32111]</label2>
					<visible>ControlGroup(8000).HasFocus(7001)</visible>
				</control>
                      <!-- זמן הצגת הנגן -->
				<control type="button" id="9991" description="Show Vis Behind">
				                 <width>100%</width>
                  <radioposx>40</radioposx>
				  <include>Defs_OptionButton</include>
					<label>  $INFO[Skin.String(SkinHelper.AutoCloseVideoOSD)]</label>
					<align>left</align>
					<font>Font-ListInfo</font>                   
					<onclick>Skin.SetNumeric(SkinHelper.AutoCloseVideoOSD)</onclick>
					<label2>$LOCALIZE[32113]</label2>
					<visible>ControlGroup(8000).HasFocus(7001)</visible>
				</control>
			<!-- mouse color -->
					<control type="button" id="9992">
					<label>$INFO[Skin.String(HighlightColor15)]</label>
					<align>left</align>
					<width>100%</width>
					<label2>31343671</label2>
					<include>Defs_OptionButton</include>
					<font>Font-ListInfo</font>
					<onclick>RunScript(script.skin.helper.service,action=colorpicker,skinstring=HighlightColor15)</onclick>
					<visible>ControlGroup(8000).HasFocus(7001)</visible>
					<texturefocus border="12" colordiffuse="$VAR[Highlight6]">common/white.png</texturefocus>            
				</control>

					<!-- Disable Weather in Clock -->
					<control type="radiobutton" id="8504">
					<width>100%</width>
					<label>31343645</label>
					<align>right</align>
					<radioposx>40</radioposx>
					<onclick>Skin.ToggleSetting(header.bg2)</onclick>
					<selected>Skin.HasSetting(header.bg2)</selected>
					<include>Defs_OptionButton</include>
					<visible>ControlGroup(8000).HasFocus(7001)</visible>
					<texturefocus border="12" colordiffuse="$VAR[Highlight6]">common/white.png</texturefocus>
				</control>
					<!-- Animate Fanart -->
					<control type="radiobutton" id="8203">
						<width>100%</width>
						<label>31116</label>
						<radioposx>40</radioposx>
						<align>right</align>
						<selected>Skin.HasSetting(background.animate)</selected>
						<onclick>Skin.ToggleSetting(background.animate)</onclick>
						<include>Defs_OptionButton</include>
						<visible>ControlGroup(8000).HasFocus(8002)</visible>
					</control>
					<!-- Overlay -->
					<control type="button" id="8207">
						<width>100%</width>
						<label>31159</label>
						<label2>$VAR[Label_SkinSetting_GlobalOverlay]</label2>
						<onclick condition="IsEmpty(Skin.String(global.background))">Skin.SetImage(global.background)</onclick>
						<onclick condition="!IsEmpty(Skin.String(global.background))">Skin.Reset(global.background)</onclick>
						<include>Defs_OptionButton</include>
						<visible>ControlGroup(8000).HasFocus(8002)</visible>
					</control>
					<!-- Fallback Fanart -->
					<control type="button" id="8208">
						<width>100%</width>
						<label>31146</label>
						<label2>$VAR[Label_SkinSetting_FallbackFanart]</label2>
						<onclick condition="IsEmpty(Skin.String(background.fallback))">Skin.SetImage(background.fallback)</onclick>
						<onclick condition="!IsEmpty(Skin.String(background.fallback))">Skin.Reset(background.fallback)</onclick>
						<include>Defs_OptionButton</include>
						<visible>ControlGroup(8000).HasFocus(8002)</visible>
					</control>
					<!-- Weather Fanart -->
					<control type="button" id="8209">
						<width>100%</width>
						<label>31114</label>
						<label2>$VAR[Label_SkinSetting_WeatherFanart]</label2>
						<onclick>RunScript(script.image.resource.select,property=weather.fanart&amp;type=resource.images.weatherfanart)</onclick>
						<include>Defs_OptionButton</include>
						<visible>ControlGroup(8000).HasFocus(8002)</visible>
					</control>
					<!-- Set weather icons -->
					<control type="button" id="8213">
						<width>100%</width>
						<label>31633</label>
						<label2>$VAR[Label_SkinSetting_WeatherIcons]</label2>
						<onclick>RunScript(script.image.resource.select,property=weather.icons&amp;type=resource.images.weathericons)</onclick>
						<include>Defs_OptionButton</include>
						<visible>ControlGroup(8000).HasFocus(8002)</visible>
					</control>

                    <!-- Background Color -->
                    <control type="button" id="8210">
                        <width>100%</width>
                        <label>31657</label>
                        <label2>$VAR[Label_SkinSetting_BackgroundColor]</label2>
                        <onclick>RunScript(script.skin.helper.colorpicker,skinstring=BackgroundColor)</onclick>
                        <include>Defs_OptionButton</include>
                        <visible>ControlGroup(8000).HasFocus(8002)</visible>
                    </control>

					<!-- Reset Colors -->
					<control type="button" id="8211">
						<width>100%</width>
						<label>$LOCALIZE[31658] -</label>
						<align>right</align>
						<onclick>Skin.Reset(BackgroundColor)</onclick>
						<include>Defs_OptionButton</include>
						<visible>ControlGroup(8000).HasFocus(8002)</visible>
					</control>
					<!-- MUSIC OSD -->
					<control type="button" id="8301" description="Music visualisation">
						<width>100%</width>
						<visible>ControlGroup(8000).HasFocus(8003)</visible>
						<include>Defs_OptionButton</include>
						<label>31635</label>
						<label2>$VAR[Label_SkinSetting_MusicVisualisation]</label2>
						<onclick>RunScript(script.skin.helper.service,action=setskinsetting,setting=MusicVisualisation,header=$LOCALIZE[31635])</onclick>
					</control>
					<control type="radiobutton" id="8303" description="Show visualisation with slideshow">
						<visible>ControlGroup(8000).HasFocus(8003)</visible>
						<width>100%</width>
						<radioposx>40</radioposx>
						<align>right</align>
						<include>Defs_OptionButton</include>
						<label>31119</label>
						<selected>Skin.HasSetting(OSDVisualisation.ShowFanart)</selected>
						<onclick>Skin.ToggleSetting(OSDVisualisation.ShowFanart)</onclick>
					</control>
					<control type="radiobutton" id="8304" description="Animate Artist slideshow">
						<visible>ControlGroup(8000).HasFocus(8003)</visible>
						<width>100%</width>
						<radioposx>40</radioposx>
						<align>right</align>
						<include>Defs_OptionButton</include>
						<label>31118</label>
						<selected>Skin.HasSetting(ArtistSlideshow.Animate)</selected>
						<onclick>Skin.ToggleSetting(ArtistSlideshow.Animate)</onclick>
						<!-- Modification Enable -->
						<enable>IsEmpty(Skin.String(musicvis.background)) | [Skin.HasSetting(ArtistSlideShow.Enabled) + StringCompare(Skin.String(musicvis.background),$LOCALIZE[31565])]</enable>
					</control>
					<control type="radiobutton" id="8302" description="">
						<visible>ControlGroup(8000).HasFocus(8003)</visible>
						<width>100%</width>
						<radioposx>40</radioposx>
						<align>right</align>
						<include>Defs_OptionButton</include>
						<label>31120</label>
						<selected>Skin.HasSetting(Hide.PlaybackInfos)</selected>
						<onclick>Skin.ToggleSetting(Hide.PlaybackInfos)</onclick>
					</control>
					<control type="radiobutton" id="8307" description="Disable Tile">
						<visible>ControlGroup(8000).HasFocus(8003)</visible>
						<width>100%</width>
						<label>31531</label>
						<radioposx>40</radioposx>
						<align>right</align>
						<include>Defs_OptionButton</include>
						<onclick>Skin.ToggleSetting(osdmusic.disabletile)</onclick>
						<selected>Skin.HasSetting(osdmusic.disabletile)</selected>
						<visible>!Skin.HasSetting(disable.headertile)</visible>
					</control>
					<control type="radiobutton" id="8305" description="Disable Clock">
						<visible>ControlGroup(8000).HasFocus(8003)</visible>
						<width>100%</width>
						<radioposx>40</radioposx>
						<align>right</align>
						<include>Defs_OptionButton</include>
						<label>31138</label>
						<onclick>Skin.ToggleSetting(osdmusic.disableclock)</onclick>
						<selected>!Skin.HasSetting(osdmusic.disableclock)</selected>
					</control>
					<control type="radiobutton" id="8306" description="Disable Weather">
						<visible>ControlGroup(8000).HasFocus(8003)</visible>
						<width>100%</width>
						<label>- $LOCALIZE[31115]</label>
						<radioposx>40</radioposx>
						<align>right</align>
						<onclick>Skin.ToggleSetting(osdmusic.disableweather)</onclick>
						<selected>!Skin.HasSetting(osdmusic.disableweather)</selected>
						<enable>!Skin.HasSetting(osdmusic.disableclock)</enable>
						<visible>!Skin.HasSetting(osdmusic.disableclock)</visible>
						<include>Defs_OptionButton</include>
					</control>
					
                    <control type="radiobutton" id="9983" description="Use fake disc">
                        <visible>ControlGroup(8000).HasFocus(8003)</visible>
                        <width>100%</width>
                        <label>$LOCALIZE[31766]</label>
						<radioposx>40</radioposx>
						<align>right</align>
                        <onclick>Skin.ToggleSetting(osdmusic.showfakedisc)</onclick>
                        <selected>Skin.HasSetting(osdmusic.showfakedisc)</selected>
                        <include>Defs_OptionButton</include>
                    </control>	

                    <control type="radiobutton" id="9976" description="Manfeed's Lyrics">
                        <visible>ControlGroup(8000).HasFocus(8003)</visible>
                        <width>100%</width>
                        <label>$LOCALIZE[31765]</label>
						<radioposx>40</radioposx>
						<align>right</align>
                        <onclick>Skin.ToggleSetting(manfeedlyrics)</onclick>
                        <selected>Skin.HasSetting(manfeedlyrics)</selected>
                        <include>Defs_OptionButton</include>
                    </control>
                    					
					<!-- VIDEO OSD -->
					<!-- Show Info -->
					<control type="radiobutton" id="8401" description="Show Info">
						<visible>ControlGroup(8000).HasFocus(8004)</visible>
						<width>100%</width>
						<radioposx>40</radioposx>
						<align>right</align>
						<include>Defs_OptionButton</include>
						<label>31006</label>
						<selected>Skin.HasSetting(videoosd.showinfo)</selected>
						<onclick>Skin.ToggleSetting(videoosd.showinfo)</onclick>
					</control>
					<control type="radiobutton" id="8404">
						<width>100%</width>
						<visible>ControlGroup(8000).HasFocus(8004)</visible>
						<radioposx>40</radioposx>
						<align>right</align>
						<include>Defs_OptionButton</include>
						<label>31710</label>
						<selected>Skin.HasSetting(videoosd.showinfoonpause)</selected>
						<onclick>Skin.ToggleSetting(videoosd.showinfoonpause)</onclick>
					</control>
					<control type="radiobutton" id="8402" description="Show ClearArt">
						<visible>ControlGroup(8000).HasFocus(8004)</visible>
						<width>100%</width>
						<radioposx>40</radioposx>
						<align>right</align>
						<include>Defs_OptionButton</include>
						<label>31525</label>
						<selected>Skin.HasSetting(videoosd.showclearart)</selected>
						<onclick>Skin.ToggleSetting(videoosd.showclearart)</onclick>
					</control>
					<control type="radiobutton" id="8403" description="Show ClearArt NextUp">
						<visible>ControlGroup(8000).HasFocus(8004)</visible>
						<width>100%</width>
						<radioposx>40</radioposx>
						<align>right</align>
						<include>Defs_OptionButton</include>
						<label>$LOCALIZE[31527]</label>
						<selected>Skin.HasSetting(videoosd.showclearartnextup)</selected>
						<onclick>Skin.ToggleSetting(videoosd.showclearartnextup)</onclick>
					</control>
					<!-- HEADER -->
					<!-- Disable Clock -->
					<control type="radiobutton" id="8701">
						<width>100%</width>
						<label>31138</label>
						<radioposx>40</radioposx>
						<align>right</align>
						<onclick>Skin.ToggleSetting(disable.clockheader)</onclick>
						<selected>!Skin.HasSetting(disable.clockheader)</selected>
						<include>Defs_OptionButton</include>
						<visible>ControlGroup(8000).HasFocus(8007)</visible>
					</control>
					<!-- Disable Weather -->
					<control type="radiobutton" id="8702">
						<width>100%</width>
						<label>- $LOCALIZE[31115]</label>
						<radioposx>40</radioposx>
						<align>right</align>
						<onclick>Skin.ToggleSetting(disable.weatherheader)</onclick>
						<selected>!Skin.HasSetting(disable.weatherheader)</selected>
						<enable>!Skin.HasSetting(disable.clockheader)</enable>
						<include>Defs_OptionButton</include>
						<visible>!Skin.HasSetting(disable.clockheader)</visible>
						<visible>ControlGroup(8000).HasFocus(8007)</visible>
					</control>
					<!-- Disable Header -->
					<control type="radiobutton" id="8703">
						<width>100%</width>
						<label>31014</label>
						<radioposx>40</radioposx>
						<align>right</align>
						<onclick>Skin.ToggleSetting(disable.mainheader)</onclick>
						<selected>!Skin.HasSetting(disable.mainheader)</selected>
						<include>Defs_OptionButton</include>
						<visible>ControlGroup(8000).HasFocus(8007)</visible>
					</control>
					<!-- Switch between All/Unwatched media counter -->
					<control type="radiobutton" id="8704">
						<width>100%</width>
						<radioposx>40</radioposx>
						<align>right</align>
						<label>- $LOCALIZE[31167]</label>
						<enable>!Skin.HasSetting(disable.mainheader)</enable>
						<onclick>Skin.ToggleSetting(header.mainheadercount)</onclick>
						<selected>Skin.HasSetting(header.mainheadercount)</selected>
						<include>Defs_OptionButton</include>
						<visible>ControlGroup(8000).HasFocus(8007)</visible>
						<visible>!Skin.HasSetting(disable.mainheader)</visible>
					</control>
					<!-- Hide Home Tile -->
					<control type="radiobutton" id="8705">
						<width>100%</width>
						<label>31715</label>
						<radioposx>40</radioposx>
						<align>right</align>
						<onclick>Skin.ToggleSetting(disable.headertile)</onclick>
						<selected>Skin.HasSetting(disable.headertile)</selected>
						<include>Defs_OptionButton</include>
						<visible>ControlGroup(8000).HasFocus(8007)</visible>
					</control>
					<!--  Ajout Header Style -->
					<control type="button" id="8710">
						<width>100%</width>
						<label>31506</label>
						<label2>$VAR[Label_SkinSetting_HeaderStyle]</label2>
						<onclick>RunScript(script.skin.helper.service,action=setskinsetting,setting=HeaderStyle,header=$LOCALIZE[31506])</onclick>
						<include>Defs_OptionButton</include>
						<visible>ControlGroup(8000).HasFocus(8007)</visible>
						<visible>!Skin.HasSetting(disable.headertile)</visible>
					</control>
					<!-- Match header tile to highlight color -->
					<control type="radiobutton" id="8709">
						<width>100%</width>
						<label>31122</label>
						<radioposx>40</radioposx>
						<align>right</align>
						<onclick>Skin.ToggleSetting(header.colormatch)</onclick>
						<selected>Skin.HasSetting(header.colormatch)</selected>
						<include>Defs_OptionButton</include>
						<visible>ControlGroup(8000).HasFocus(8007)</visible>
						<visible>!Skin.HasSetting(disable.headertile)</visible>
					</control>
					<!-- Media Flags -->
					<control type="radiobutton" id="9019">
						<radioposx>40</radioposx>
						<align>right</align>
						<width>100%</width>
						<label>31007</label>
						<selected>Skin.HasSetting(furniture.showflags)</selected>
						<onclick>Skin.ToggleSetting(furniture.showflags)</onclick>
						<include>Defs_OptionButton</include>
						<visible>ControlGroup(8000).HasFocus(8097)</visible>
					</control>
					<!-- Episodes Flags -->
					<control type="button" id="9021">
						<width>100%</width>
						<include>Defs_OptionButton</include>
						<visible>ControlGroup(8000).HasFocus(8097)</visible>
						<enable>Skin.HasSetting(furniture.showflags)</enable>
						<visible>Skin.HasSetting(furniture.showflags)</visible>
						<label>- $LOCALIZE[31719]</label>
						<label2>$VAR[Label_SkinSetting_EpisodesFlags]</label2>
						<onclick condition="IsEmpty(Skin.String(episodesflags))">Skin.SetString(episodesflags,$LOCALIZE[31720])</onclick>
						<onclick condition="StringCompare(Skin.String(episodesflags),$LOCALIZE[31722])">Skin.SetString(episodesflags,$LOCALIZE[31720])</onclick>
						<onclick condition="StringCompare(Skin.String(episodesflags),$LOCALIZE[31720])">Skin.SetString(episodesflags,$LOCALIZE[31721])</onclick>
						<onclick condition="StringCompare(Skin.String(episodesflags),$LOCALIZE[31721])">Skin.SetString(episodesflags,$LOCALIZE[31722])</onclick>
					</control>
					<!-- Overlay Plot -->
					<control type="radiobutton" id="9003">
						<radioposx>40</radioposx>
						<align>right</align>
						<width>100%</width>
						<label>31008</label>
						<selected>Skin.HasSetting(furniture.overlayinfo)</selected>
						<onclick>Skin.ToggleSetting(furniture.overlayinfo)</onclick>
						<include>Defs_OptionButton</include>
						<visible>ControlGroup(8000).HasFocus(7001)</visible>
					</control>
					<control type="button" id="9020">
						<width>100%</width>
						<label>- $LOCALIZE[31713]</label>
						<label2>$VAR[Label_SkinSetting_TimeLimit] $LOCALIZE[31712]</label2>
						<onclick condition="IsEmpty(Skin.String(timelimit))">Skin.SetString(timelimit,4)</onclick>
						<onclick condition="StringCompare(Skin.String(timelimit),10)">Skin.SetString(timelimit,1)</onclick>
						<onclick condition="StringCompare(Skin.String(timelimit),1)">Skin.SetString(timelimit,2)</onclick>
						<onclick condition="StringCompare(Skin.String(timelimit),2)">Skin.SetString(timelimit,3)</onclick>
						<onclick condition="StringCompare(Skin.String(timelimit),3)">Skin.SetString(timelimit,4)</onclick>
						<onclick condition="StringCompare(Skin.String(timelimit),4)">Skin.SetString(timelimit,5)</onclick>
						<onclick condition="StringCompare(Skin.String(timelimit),5)">Skin.SetString(timelimit,6)</onclick>
						<onclick condition="StringCompare(Skin.String(timelimit),6)">Skin.SetString(timelimit,7)</onclick>
						<onclick condition="StringCompare(Skin.String(timelimit),7)">Skin.SetString(timelimit,8)</onclick>
						<onclick condition="StringCompare(Skin.String(timelimit),8)">Skin.SetString(timelimit,9)</onclick>
						<onclick condition="StringCompare(Skin.String(timelimit),9)">Skin.SetString(timelimit,10)</onclick>
						<include>Defs_OptionButton</include>
						<visible>ControlGroup(8000).HasFocus(7001)</visible>
						<visible>Skin.HasSetting(furniture.overlayinfo)</visible>
					</control>
					<!-- Hub Plot -->
					<control type="radiobutton" id="9014">
						<radioposx>40</radioposx>
						<align>right</align>
						<width>100%</width>
						<label>31194</label>
						<selected>!Skin.HasSetting(furniture.hidehubplot)</selected>
						<onclick>Skin.ToggleSetting(furniture.hidehubplot)</onclick>
						<include>Defs_OptionButton</include>
						<visible>ControlGroup(8000).HasFocus(8097)</visible>
					</control>
					<!-- Hub Flags -->
					<control type="radiobutton" id="9015">
						<radioposx>40</radioposx>
						<align>right</align>
						<width>100%</width>
						<label>31629</label>
						<selected>Skin.HasSetting(furniture.showhubflags)</selected>
						<onclick>Skin.ToggleSetting(furniture.showhubflags)</onclick>
						<include>Defs_OptionButton</include>
						<visible>ControlGroup(8000).HasFocus(8097)</visible>
					</control>
					<!-- Hub Logo -->
					<control type="radiobutton" id="9016">
						<radioposx>40</radioposx>
						<align>right</align>
						<width>100%</width>
						<label>31631</label>
						<selected>Skin.HasSetting(furniture.showhublogo)</selected>
						<onclick>Skin.ToggleSetting(furniture.showhublogo)</onclick>
						<include>Defs_OptionButton</include>
						<visible>ControlGroup(8000).HasFocus(8097)</visible>
					</control>
					<!-- Info Line -->
					<control type="radiobutton" id="9005">
						<radioposx>40</radioposx>
						<align>right</align>
						<width>100%</width>
						<label>31165</label>
						<selected>!Skin.HasSetting(furniture.hidesortinfo)</selected>
						<onclick>Skin.ToggleSetting(furniture.hidesortinfo)</onclick>
						<include>Defs_OptionButton</include>
						<visible>ControlGroup(8000).HasFocus(8097)</visible>
					</control>
					<!-- Disable Rating -->
					<control type="radiobutton" id="9004">
						<width>100%</width>
						<label>31510</label>
						<radioposx>40</radioposx>
						<align>right</align>
						<onclick>Skin.ToggleSetting(disable.rating)</onclick>
						<selected>Skin.HasSetting(disable.rating)</selected>
						<include>Defs_OptionButton</include>
						<visible>ControlGroup(8000).HasFocus(8097)</visible>
					</control>
					<!-- Disable MPAA -->
					<control type="radiobutton" id="9006">
						<width>100%</width>
						<label>31511</label>
						<radioposx>40</radioposx>
						<align>right</align>
						<onclick>Skin.ToggleSetting(disable.mpaa)</onclick>
						<selected>Skin.HasSetting(disable.mpaa)</selected>
						<include>Defs_OptionButton</include>
						<visible>ControlGroup(8000).HasFocus(8097)</visible>
					</control>
					<!-- Disable Box Office -->
					<control type="radiobutton" id="9007">
						<width>100%</width>
						<label>31529</label>
						<radioposx>40</radioposx>
						<align>right</align>
						<onclick>Skin.ToggleSetting(disable.boxoffice)</onclick>
						<selected>Skin.HasSetting(disable.boxoffice)</selected>
						<include>Defs_OptionButton</include>
						<visible>ControlGroup(8000).HasFocus(8097)</visible>
					</control>
					<!-- Show CleartArt -->
					<control type="radiobutton" id="9008">
						<width>100%</width>
						<label>31512</label>
						<radioposx>40</radioposx>
						<align>right</align>
						<onclick>Skin.ToggleSetting(show.clearart)</onclick>
						<selected>Skin.HasSetting(show.clearart)</selected>
						<enable>!Skin.HasSetting(show.cdart)</enable>
						<include>Defs_OptionButton</include>
						<visible>ControlGroup(8000).HasFocus(8097)</visible>
					</control>
					<!-- Show CDArt -->
					<control type="radiobutton" id="9022">
						<width>100%</width>
						<label>31749</label>
						<radioposx>40</radioposx>
						<align>right</align>
						<onclick>Skin.ToggleSetting(show.cdart)</onclick>
						<selected>Skin.HasSetting(show.cdart)</selected>
						<enable>!Skin.HasSetting(show.clearart)</enable>
						<include>Defs_OptionButton</include>
						<visible>ControlGroup(8000).HasFocus(7001)</visible>
					</control>

					<!-- Show CDArt2 -->
					<control type="radiobutton" id="9024">
						<width>100%</width>
						<label>3174999</label>
						<radioposx>40</radioposx>
						<align>right</align>
						<onclick>Skin.ToggleSetting(show.cdart3)</onclick>
						<selected>Skin.HasSetting(show.cdart3)</selected>
						
						<include>Defs_OptionButton</include>
						<visible>ControlGroup(8000).HasFocus(7001)</visible>
					</control>
										<!-- Show CDArt3 -->
					<control type="radiobutton" id="9025">
						<width>100%</width>
						<label>3175999</label>
						<radioposx>40</radioposx>
						<align>right</align>
						<onclick>Skin.ToggleSetting(show.cdart4)</onclick>
						<selected>Skin.HasSetting(show.cdart4)</selected>
						
						<include>Defs_OptionButton</include>
						<visible>ControlGroup(8000).HasFocus(7001)</visible>
					</control>
					<!-- Show Studio Icons -->
					<control type="radiobutton" id="9017">
						<width>100%</width>
						<label>31671</label>
						<radioposx>40</radioposx>
						<align>right</align>
						<onclick>Skin.ToggleSetting(show.studio.logos)</onclick>
						<selected>Skin.HasSetting(show.studio.logos)</selected>
						<include>Defs_OptionButton</include>
						<visible>ControlGroup(8000).HasFocus(8097)</visible>
					</control>
					<!-- Set studio logos -->
					<control type="button" id="9018">
						<width>100%</width>
						<label>- $LOCALIZE[31669]</label>
						<label2>$VAR[Label_SkinSetting_StudioLogos]</label2>
						<onclick>RunScript(script.image.resource.select,property=studio.logos&amp;type=resource.images.studios)</onclick>
						<include>Defs_OptionButton</include>
						<visible>Skin.HasSetting(show.studio.logos)</visible>
						<visible>ControlGroup(8000).HasFocus(8097)</visible>
					</control>
					<!-- Show ClearLogo Video -->
					<control type="radiobutton" id="9009">
						<width>100%</width>
						<label>31513</label>
						<radioposx>40</radioposx>
						<align>right</align>
						<onclick>Skin.ToggleSetting(show.clearlogo)</onclick>
						<selected>Skin.HasSetting(show.clearlogo)</selected>
						<include>Defs_OptionButton</include>
						<visible>ControlGroup(8000).HasFocus(7001)</visible>
					</control>
					    <control type="button" id="9968" description="ClearArt Position">
                        <width>100%</width>
                        <label>$LOCALIZE[31237]</label>
						
						<label2>$INFO[Skin.String(ClearArtPos)]</label2>
						<onclick condition="String.IsEmpty(Skin.String(ClearArtPos))">Skin.SetString(ClearArtPos,$LOCALIZE[31239])</onclick>
						<onclick condition="String.IsEqual(Skin.String(ClearArtPos),$LOCALIZE[31239])">Skin.SetString(ClearArtPos,$LOCALIZE[31240])</onclick>
						<onclick condition="String.IsEqual(Skin.String(ClearArtPos),$LOCALIZE[31240])">Skin.SetString(ClearArtPos,$LOCALIZE[31241])</onclick>
						<onclick condition="String.IsEqual(Skin.String(ClearArtPos),$LOCALIZE[31241])">Skin.SetString(ClearArtPos,$LOCALIZE[31239])</onclick>						
						<include>Defs_OptionButton</include>
						<visible>Skin.HasSetting(videoosd.showclearart)</visible>
						<visible>ControlGroup(8000).HasFocus(7001)</visible>
                    </control>
					   <!-- OSD Opacity -->
                    <control type="button" id="9972">
                        <width>100%</width>
                        <label>31211</label>
						
                        <label2>$VAR[Label_SkinSetting_OSDColor]</label2>
						<onclick condition="String.IsEmpty(Skin.String(OSDColor))">Skin.SetString(OSDColor,$LOCALIZE[31212])</onclick>
						<onclick condition="String.IsEqual(Skin.String(OSDColor),$LOCALIZE[31215])">Skin.Reset(OSDColor)</onclick>
						<onclick condition="String.IsEqual(Skin.String(OSDColor),$LOCALIZE[31212])">Skin.SetString(OSDColor,$LOCALIZE[31213])</onclick>
						<onclick condition="String.IsEqual(Skin.String(OSDColor),$LOCALIZE[31213])">Skin.SetString(OSDColor,$LOCALIZE[31214])</onclick>
                        <onclick condition="String.IsEqual(Skin.String(OSDColor),$LOCALIZE[31214])">Skin.SetString(OSDColor,$LOCALIZE[31215])</onclick>
						<include>Defs_OptionButton</include>
						<visible>ControlGroup(8000).HasFocus(7001)</visible>
                    </control>	
					<!-- Rss Visible -->
						<control type="radiobutton" id="7009">
						<width>100%</width>
						<label>11793</label>
						<radioposx>40</radioposx>
						<align>right</align>
						<onclick>Skin.ToggleSetting(show.rss)</onclick>
						<selected>Skin.HasSetting(show.rss)</selected>
						<include>Defs_OptionButton</include>
						<visible>ControlGroup(8000).HasFocus(7001)</visible>
					</control>
					<!-- כפתור צד פותח תפריט -->
						<control type="radiobutton" id="7010">
						<width>100%</width>
						<label>11794</label>
						<radioposx>40</radioposx>
						<align>right</align>
						<onclick>Skin.ToggleSetting(show.button)</onclick>
						<selected>Skin.HasSetting(show.button)</selected>
						<include>Defs_OptionButton</include>
						<visible>ControlGroup(8000).HasFocus(7001)</visible>
					</control>
						<!-- כפתור צד פותח תפריט2 -->
						<control type="radiobutton" id="7011">
						<width>100%</width>
						<label>11795</label>
						<radioposx>40</radioposx>
						<align>right</align>
						<onclick>Skin.ToggleSetting(show.button2)</onclick>
						<selected>Skin.HasSetting(show.button2)</selected>
						<include>Defs_OptionButton</include>
						<visible>ControlGroup(8000).HasFocus(7001)</visible>
					</control>
						<!-- הצג כפתור חזור (למשתמשי מסך מגע \אייפון) -->
						<control type="radiobutton" id="7013">
						<width>100%</width>
						<label>11799</label>
						<radioposx>40</radioposx>
						<align>right</align>
						<onclick>Skin.ToggleSetting(show.button3)</onclick>
						<selected>Skin.HasSetting(show.button3)</selected>
						<include>Defs_OptionButton</include>
						<visible>ControlGroup(8000).HasFocus(7001)</visible>
					</control>
					
						<control type="radiobutton" id="7014">
						<width>100%</width>
						<label>11899</label>
						<radioposx>40</radioposx>
						<align>right</align>
						<onclick>Skin.ToggleSetting(show.button4)</onclick>
						<selected>Skin.HasSetting(show.button4)</selected>
						<include>Defs_OptionButton</include>
						<visible>ControlGroup(8000).HasFocus(7001)</visible>
					</control>
						<control type="radiobutton" id="70141">
						<width>100%</width>
						<label>118991</label>
						<radioposx>40</radioposx>
						<align>right</align>
						<onclick>Skin.ToggleSetting(show.defmenu)</onclick>
						<selected>Skin.HasSetting(show.defmenu)</selected>
						<include>Defs_OptionButton</include>
						<visible>ControlGroup(8000).HasFocus(7001)</visible>
					</control>
						<control type="radiobutton" id="70142">
						<width>100%</width>
						<label>118992</label>
						<radioposx>40</radioposx>
						<align>right</align>
						<onclick>Skin.ToggleSetting(show.defmenuback)</onclick>
						<selected>Skin.HasSetting(show.defmenuback)</selected>
						<include>Defs_OptionButton</include>
						<visible>ControlGroup(8000).HasFocus(7001)</visible>
					</control>
					
						<!-- Show QuickNav -->
						<control type="radiobutton" id="7012">
						<width>100%</width>
						<label>11796</label>
						<radioposx>40</radioposx>
						<align>right</align>
						<onclick>Skin.ToggleSetting(show.quicknav)</onclick>
						<selected>Skin.HasSetting(show.quicknav)</selected>
						<include>Defs_OptionButton</include>
						<visible>ControlGroup(8000).HasFocus(7001)</visible>
					</control>
					<!-- Show ClearLogo Music -->
					<control type="radiobutton" id="9010">
						<width>100%</width>
						<label>31519</label>
						<radioposx>40</radioposx>
						<align>right</align>
						<onclick>Skin.ToggleSetting(show.clearlogomusic)</onclick>
						<selected>Skin.HasSetting(show.clearlogomusic)</selected>
						<include>Defs_OptionButton</include>
						<visible>ControlGroup(8000).HasFocus(8097)</visible>
					</control>
					<!-- Set Clearlogo Music Directory -->
					<control type="button" id="9011">
						<width>100%</width>
						<label>- $LOCALIZE[31520]</label>
						<label2>$INFO[Skin.String(artworklocation)]</label2>
						<onclick>Skin.SetPath(artworklocation)</onclick>
						<enable>Skin.HasSetting(show.clearlogomusic)</enable>
						<include>Defs_OptionButton</include>
						<visible>Skin.HasSetting(show.clearlogomusic)</visible>
						<visible>ControlGroup(8000).HasFocus(8097)</visible>
					</control>
					<!-- Show CDArt Music -->
					<control type="radiobutton" id="9012">
						<width>100%</width>
						<label>31521</label>
						<radioposx>40</radioposx>
						<align>right</align>
						<onclick>Skin.ToggleSetting(show.cdartmusic)</onclick>
						<selected>Skin.HasSetting(show.cdartmusic)</selected>
						<include>Defs_OptionButton</include>
						<visible>ControlGroup(8000).HasFocus(8097)</visible>
					</control>
					<!-- Set CDArt Music Directory -->
					<control type="button" id="9013">
						<width>100%</width>
						<label>- $LOCALIZE[31522]</label>
						<label2>$INFO[Skin.String(musiccdart.location)]</label2>
						<onclick>Skin.SetPath(musiccdart.location)</onclick>
						<enable>Skin.HasSetting(show.cdartmusic)</enable>
						<include>Defs_OptionButton</include>
						<visible>Skin.HasSetting(show.cdartmusic)</visible>
						<visible>ControlGroup(8000).HasFocus(8097)</visible>
					</control>
					<!-- COLORS -->
					<!-- Main Color -->
					<control type="button" id="8801">
						<width>100%</width>
						<label>31111</label>
						<label2>$VAR[Label_SkinSetting_HighlightColor]</label2>
						<onclick>RunScript(script.skin.helper.service,action=colorpicker,skinstring=HighlightColor)</onclick>
						<include>Defs_OptionButton</include>
						<visible>ControlGroup(8000).HasFocus(8008)</visible>
					</control>
					<!-- Reset Main Color -->
					<control type="button" id="8803">
						<width>100%</width>
						<align>right</align>
						<label>- $LOCALIZE[31113]</label>
						<onclick>Skin.Reset(HighlightColor)</onclick>
						<include>Defs_OptionButton</include>
						<visible>ControlGroup(8000).HasFocus(8008)</visible>
					</control>
					<!-- Second Color -->
					<control type="button" id="8802">
						<width>100%</width>
						<label>31112</label>
						<label2>$VAR[Label_SkinSetting_HighlightColor2]</label2>
						<onclick>RunScript(script.skin.helper.service,action=colorpicker,skinstring=HighlightColor2)</onclick>
						<include>Defs_OptionButton</include>
						<visible>ControlGroup(8000).HasFocus(8008)</visible>
					</control>
					<!-- Reset Secondary Color -->
					<control type="button" id="8808">
						<width>100%</width>
						<align>right</align>
						<label>$LOCALIZE[31660] -</label>
						<onclick>Skin.Reset(HighlightColor2)</onclick>
						<include>Defs_OptionButton</include>
						<visible>ControlGroup(8000).HasFocus(8008)</visible>
					</control>
					<!--Ajout Control -->
					<!-- Text Color -->
					<control type="button" id="8807">
						<width>100%</width>
						<label>31653</label>
						<label2>$VAR[Label_SkinSetting_TextColor]</label2>
						<onclick>RunScript(script.skin.helper.service,action=colorpicker,skinstring=TextColor)</onclick>
						<include>Defs_OptionButton</include>
						<visible>ControlGroup(8000).HasFocus(8008)</visible>
					</control>
					<!-- Reset Text Color -->
					<control type="button" id="8809">
						<width>100%</width>
						<label>$LOCALIZE[31662] -</label>
						<align>right</align>
						<onclick>Skin.Reset(TextColor)</onclick>
						<include>Defs_OptionButton</include>
						<visible>ControlGroup(8000).HasFocus(8008)</visible>
					</control>
					<!-- Tile Colors -->
					<control type="radiobutton" id="8804">
						<width>100%</width>
						<label>31129</label>
						<radioposx>40</radioposx>
						<align>right</align>
						<onclick>Skin.ToggleSetting(home.tilecolor)</onclick>
						<selected>Skin.HasSetting(home.tilecolor)</selected>
						<include>Defs_OptionButton</include>
						<visible>ControlGroup(8000).HasFocus(8008)</visible>
					</control>
					<control type="radiobutton" id="8805">
						<width>100%</width>
						<label>$LOCALIZE[31140] -</label>
						<radioposx>40</radioposx>
						<align>right</align>
						<onclick>Skin.ToggleSetting(home.tilecolor.nofocus)</onclick>
						<selected>Skin.HasSetting(home.tilecolor.nofocus)</selected>
						<include>Defs_OptionButton</include>
						<enable>Skin.HasSetting(home.tilecolor)</enable>
						<visible>Skin.HasSetting(home.tilecolor)</visible>
						<visible>ControlGroup(8000).HasFocus(8008)</visible>
					</control>
					<!-- Home Menu Text Colors -->
					<control type="radiobutton" id="8806">
						<width>100%</width>
						<label>31654</label>
						<radioposx>40</radioposx>
						<align>right</align>
						<onclick>Skin.ToggleSetting(home.textcolor)</onclick>
						<selected>Skin.HasSetting(home.textcolor)</selected>
						<include>Defs_OptionButton</include>
						<visible>ControlGroup(8000).HasFocus(8008)</visible>
					</control>
					<!-- Indicators Primary Color -->
					<control type="button" id="8814">
						<width>100%</width>
						<label>31753</label>
						<label2>$VAR[Label_SkinSetting_IndicatorsPrimaryColor]</label2>
						<onclick>RunScript(script.skin.helper.service,action=colorpicker,skinstring=IndicatorsPrimaryColor)</onclick>
						<include>Defs_OptionButton</include>
						<visible>ControlGroup(8000).HasFocus(8008)</visible>
					</control>
					<!-- Reset Indicator Primary Color -->
					<control type="button" id="8815">
						<width>100%</width>
						<align>right</align>
						<label>$LOCALIZE[31113] -</label>
						<onclick>Skin.Reset(IndicatorsPrimaryColor)</onclick>
						<include>Defs_OptionButton</include>
						<visible>ControlGroup(8000).HasFocus(8008)</visible>
					</control>
					<!-- Indicators Secondary Color -->
					<control type="button" id="8816">
						<width>100%</width>
						<label>31754</label>
						<label2>$VAR[Label_SkinSetting_IndicatorsSecondaryColor]</label2>
						<onclick>RunScript(script.skin.helper.service,action=colorpicker,skinstring=IndicatorsSecondaryColor)</onclick>
						<include>Defs_OptionButton</include>
						<visible>ControlGroup(8000).HasFocus(8008)</visible>
					</control>
					<!-- Reset Indicator Secondary Color -->
					<control type="button" id="8817">
						<width>100%</width>
						<align>right</align>
						<label>$LOCALIZE[31660] -</label>
						<onclick>Skin.Reset(IndicatorsSecondaryColor)</onclick>
						<include>Defs_OptionButton</include>
						<visible>ControlGroup(8000).HasFocus(8008)</visible>
					</control>
					<control type="radiobutton" id="8810">
						<width>100%</width>
						<radioposx>40</radioposx>
						<align>right</align>
						<label>31699</label>
						<onclick>Skin.ToggleSetting(SkinHelper.EnableDayNightThemes)</onclick>
						<selected>Skin.HasSetting(SkinHelper.EnableDayNightThemes)</selected>
						<visible>ControlGroup(8000).HasFocus(8008)</visible>
						<include>Defs_OptionButton</include>
					</control>
					<control type="button" id="8811">
						<width>100%</width>
						<label2>$INFO[Skin.String(SkinHelper.ColorTheme.day.Theme)] $INFO[Skin.String(SkinHelper.ColorTheme.day.time),($LOCALIZE[31702] ,)]</label2>
						<label>- $LOCALIZE[31700]</label>
						<onclick>XBMC.RunScript(script.skin.helper.service,action=ColorThemes,daynight=day)</onclick>
						<visible>Skin.HasSetting(SkinHelper.EnableDayNightThemes)</visible>
						<visible>ControlGroup(8000).HasFocus(8008)</visible>
						<include>Defs_OptionButton</include>
					</control>
					<control type="button" id="8812">
						<width>100%</width>
						<label2>$INFO[Skin.String(SkinHelper.ColorTheme.night.Theme)] $INFO[Skin.String(SkinHelper.ColorTheme.night.time),($LOCALIZE[31702] ,)]</label2>
						<label>$LOCALIZE[31701] -</label>
						<onclick>XBMC.RunScript(script.skin.helper.service,action=ColorThemes,daynight=night)</onclick>
						<visible>Skin.HasSetting(SkinHelper.EnableDayNightThemes)</visible>
						<visible>ControlGroup(8000).HasFocus(8008)</visible>
						<include>Defs_OptionButton</include>
					</control>
					<control type="button"  id="8813">
						<description>Manage Color Themes</description>
						<width>100%</width>
						<align>right</align>
						<label>$ADDON[script.skin.helper.service 32085]</label>
						<onclick>RunScript(script.skin.helper.service,action=colorthemes)</onclick>
						<visible>ControlGroup(8000).HasFocus(8008)</visible>
						<include>Defs_OptionButton</include>
					</control>
					<!-- EXTRAS -->
					<!-- Kiosk -->
					<control type="radiobutton" id="8901">
						<radioposx>40</radioposx>
						<align>right</align>
						<width>100%</width>
						<label>31057</label>
						<selected>Skin.HasSetting(KioskMode)</selected>
						<onclick>Skin.ToggleSetting(KioskMode)</onclick>
						<include>Defs_OptionButton</include>
						<visible>ControlGroup(8000).HasFocus(8009)</visible>
					</control>
					<!-- Customise Shutdown Menu -->
					<control type="button" id="8907">
						<width>100%</width>
						<label>31183</label>
						<align>right</align>
						<onclick>RunScript(script.skinshortcuts,type=manage&amp;group=powermenu)</onclick>
						<include>Defs_OptionButton</include>
						<visible>ControlGroup(8000).HasFocus(8009)</visible>
					</control>
					<!-- Busy Spinner -->
					<control type="button" id="8904">
						<width>100%</width>
						<label>31160</label>
						<label2>$VAR[Label_SkinSetting_BusyTexture]</label2>
						<onclick>RunScript(script.skin.helper.service,action=busytexture)</onclick>
						<include>Defs_OptionButton</include>
						<visible>ControlGroup(8000).HasFocus(8009)</visible>
					</control>
					<!-- Opaque Panels -->
					<control type="radiobutton" id="8906">
						<radioposx>40</radioposx>
						<align>right</align>
						<width>100%</width>
						<label>31004</label>
						<selected>Skin.HasSetting(global.backpanelmode)</selected>
						<onclick>Skin.ToggleSetting(global.backpanelmode)</onclick>
						<include>Defs_OptionButton</include>
						<visible>ControlGroup(8000).HasFocus(8009)</visible>
					</control>
					<!-- Set genre icons -->
					<control type="button" id="8908">
						<width>100%</width>
						<label>31176</label>
						<label2>$VAR[Label_SkinSetting_GenreIcons]</label2>
						<onclick>RunScript(script.image.resource.select,property=genre.icons&amp;type=resource.images.moviegenreicons)</onclick>
						<include>Defs_OptionButton</include>
						<visible>ControlGroup(8000).HasFocus(8009)</visible>
					</control>
					<!-- Startup -->
					<control type="button" id="8909">
						<width>100%</width>
						<visible>ControlGroup(8000).HasFocus(8009)</visible>
						<include>Defs_OptionButton</include>
						<label>31184</label>
						<label2>$VAR[Label_SkinSetting_Startup]</label2>
						<onclick condition="!Skin.String(SplashScreen)">Skin.SetFile(SplashScreen)</onclick>
						<onclick condition="Skin.String(SplashScreen)">Skin.Reset(SplashScreen)</onclick>
					</control>
					<!--Animated Posters -->
					<control type="radiobutton" id="8912">						
						<radioposx>40</radioposx>
						<align>right</align>
						<width>100%</width>
                        <label>31763</label>
                        <selected>Skin.HasSetting(SkinHelperAnimations)</selected>
                        <onclick>Skin.ToggleSetting(SkinHelperAnimations)</onclick>
                        <include>Defs_OptionButton</include>
                        <visible>ControlGroup(8000).HasFocus(8009)</visible>
                    </control>
					<!-- Auto update artwork downloader -->
					<control type="radiobutton" id="8913">
						<radioposx>40</radioposx>
						<align>right</align>
						<width>100%</width>
						<label>31747</label>
						<onclick>Skin.ToggleSetting(UpdateArt.Enabled)</onclick>
						<selected>Skin.HasSetting(UpdateArt.Enabled)</selected>
						<include>Defs_OptionButton</include>
						<visible>ControlGroup(8000).HasFocus(8009)</visible>
						<visible></visible>
					</control>
					<!-- Activate Password -->
					<control type="radiobutton" id="8911">
						<radioposx>40</radioposx>
						<align>right</align>
						<width>100%</width>
						<label>31707</label>
						<selected>Skin.HasSetting(activate.password)</selected>
						<onclick>Skin.ToggleSetting(activate.password)</onclick>
						<include>Defs_OptionButton</include>
						<visible>ControlGroup(8000).HasFocus(8009)</visible>
					</control>
					<!-- Change Password -->
					<control type="button" id="8914">
						<width>100%</width>
						<label>- $LOCALIZE[31691]</label>
						<onclick>Skin.SetString(temp)</onclick>
						<onclick>Skin.SetString(passcode,$VAR[temp_passcode])</onclick>
						<onclick>Notification(,$LOCALIZE[31692],3000,)</onclick>
						<onclick>Skin.Reset(temp)</onclick>
						<include>Defs_OptionButton</include>
						<visible>Skin.HasSetting(activate.password)</visible>
						<visible>ControlGroup(8000).HasFocus(8009)</visible>
					</control>
					<!-- Unlock Password Duration -->
					<control type="button" id="8915">
						<width>100%</width>
						<label>- $LOCALIZE[31693]</label>
						<label2>$VAR[password_time] $LOCALIZE[31698]</label2>
						<onclick condition="IsEmpty(Skin.String(password_time)) | StringCompare(Skin.String(password_time),5)">Skin.SetString(password_time,10)</onclick>
						<onclick condition="StringCompare(Skin.String(password_time),10)">Skin.SetString(password_time,30)</onclick>
						<onclick condition="StringCompare(Skin.String(password_time),30)">Skin.SetString(password_time,1)</onclick>
						<onclick condition="StringCompare(Skin.String(password_time),1)">Skin.SetString(password_time,5)</onclick>
						<onclick>AlarmClock(parental,Skin.Reset(mypassword),$VAR[password_time],Silent)</onclick>
						<include>Defs_OptionButton</include>
						<visible>Skin.HasSetting(activate.password)</visible>
						<visible>ControlGroup(8000).HasFocus(8009)</visible>
					</control>
					<!-- Debug Info -->
					<control type="radiobutton" id="8910">
						<radioposx>40</radioposx>
						<align>right</align>
						<width>100%</width>
						<label>31603</label>
						<selected>Skin.HasSetting(Skin.ToggleDebug)</selected>
						<onclick>Skin.ToggleSetting(Skin.ToggleDebug)</onclick>
						<onclick>Skin.ToggleDebug</onclick>
						<include>Defs_OptionButton</include>
						<visible>ControlGroup(8000).HasFocus(8009)</visible>
					</control>
					<!-- Debug Grid 
					<control type="radiobutton" id="8912">
						<radioposx>40</radioposx>
						<align>right</align>
						<width>100%</width>
						<label>31649</label>
						<selected>Skin.HasSetting(DebugGrid)</selected>
						<onclick>Skin.ToggleSetting(DebugGrid)</onclick>
						<include>Defs_OptionButton</include>
						<visible>ControlGroup(8000).HasFocus(8009)</visible>
					</control> -->
					<!-- RESET -->
					<!-- Backup -->
					<control type="button" id="8997">
						<width>100%</width>
						<label>31161</label>
						<align>right</align>
						<onclick>RunScript(script.skin.helper.service,action=backup)</onclick>
						<include>Defs_OptionButton</include>
						<visible>ControlGroup(8000).HasFocus(8099)</visible>
					</control>
					<!-- Restore -->
					<control type="button" id="8998">
						<width>100%</width>
						<label>31162</label>
						<align>right</align>
						<onclick>RunScript(script.skin.helper.service,action=restore)</onclick>
						<include>Defs_OptionButton</include>
						<visible>ControlGroup(8000).HasFocus(8099)</visible>
					</control>
					<!-- Reset Skin to Defaults -->
					<control type="button" id="8999">
						<width>100%</width>
						<label>31169</label>
						<align>right</align>
						<onclick>Skin.ResetSettings</onclick>
						<onclick>Skin.SetString(home.mainheadertext,$LOCALIZE[31158])</onclick>
						<onclick>Skin.SetString(home.headertext,$LOCALIZE[10000])</onclick>
						<onclick>Skin.SetString(home.widgetposters,$LOCALIZE[31155])</onclick>
						<onclick>RunScript(script.skinshortcuts,type=resetall)</onclick>
						<include>Defs_OptionButton</include>
						<visible>ControlGroup(8000).HasFocus(8099)</visible>
					</control>
					<!-- ADDONS -->
					<!--<onclick condition="!System.HasAddon(script.skinshortcuts)">Notification($LOCALIZE[19098] :,script.skinshortcuts $LOCALIZE[31609],7000)</onclick>-->
					<!-- Skin Shortcuts -->
					<control type="radiobutton" id="9101">
						<width>100%</width>
						<radioposx>40</radioposx>
						<align>right</align>
						<label>script.skinshortcuts $INFO[System.AddonVersion(script.skinshortcuts),(,)]</label>
						<textureradioonfocus colordiffuse="ff00991f">common/radio-on.png</textureradioonfocus>
						<textureradioonnofocus colordiffuse="ff00991f">common/radio-on.png</textureradioonnofocus>
						<textureradioofffocus colordiffuse="fff02222">common/status_off.png</textureradioofffocus>
						<textureradiooffnofocus colordiffuse="fff02222">common/status_off.png</textureradiooffnofocus>
						<onclick condition="!System.HasAddon(script.skinshortcuts)">RunPlugin(plugin://script.skinshortcuts)</onclick>
						<onclick condition="System.HasAddon(script.skinshortcuts)">Addon.OpenSettings(script.skinshortcuts)</onclick>
						<selected>System.HasAddon(script.skinshortcuts)</selected>
						<include>Defs_OptionButton</include>
						<visible>ControlGroup(8000).HasFocus(8098)</visible>
					</control>
					<!-- Extended Info -->
					<control type="radiobutton" id="9102">
						<width>100%</width>
						<radioposx>40</radioposx>
						<align>right</align>
						<label>script.extendedinfo $INFO[System.AddonVersion(script.extendedinfo),(,)]</label>
						<textureradioonfocus colordiffuse="ff00991f">common/radio-on.png</textureradioonfocus>
						<textureradioonnofocus colordiffuse="ff00991f">common/radio-on.png</textureradioonnofocus>
						<textureradioofffocus colordiffuse="fff02222">common/status_off.png</textureradioofffocus>
						<textureradiooffnofocus colordiffuse="fff02222">common/status_off.png</textureradiooffnofocus>
						<onclick condition="!System.HasAddon(script.extendedinfo)">RunPlugin(plugin://script.extendedinfo)</onclick>
						<onclick condition="System.HasAddon(script.extendedinfo)">Addon.OpenSettings(script.extendedinfo)</onclick>
						<selected>System.HasAddon(script.extendedinfo)</selected>
						<include>Defs_OptionButton</include>
						<visible>ControlGroup(8000).HasFocus(8098)</visible>
					</control>
					<!-- Skin Helper Service -->
					<control type="radiobutton" id="9103">
						<width>100%</width>
						<radioposx>40</radioposx>
						<align>right</align>
						<label>script.skin.helper.service $INFO[System.AddonVersion(script.skin.helper.service),(,)]</label>
						<textureradioonfocus colordiffuse="ff00991f">common/radio-on.png</textureradioonfocus>
						<textureradioonnofocus colordiffuse="ff00991f">common/radio-on.png</textureradioonnofocus>
						<textureradioofffocus colordiffuse="fff02222">common/status_off.png</textureradioofffocus>
						<textureradiooffnofocus colordiffuse="fff02222">common/status_off.png</textureradiooffnofocus>
						<onclick condition="!System.HasAddon(script.skin.helper.service)">RunPlugin(plugin://script.skin.helper.service)</onclick>
						<onclick condition="System.HasAddon(script.skin.helper.service)">Addon.OpenSettings(script.skin.helper.service)</onclick>
						<selected>System.HasAddon(script.skin.helper.service)</selected>
						<include>Defs_OptionButton</include>
						<visible>ControlGroup(8000).HasFocus(8098)</visible>
					</control>
					<!-- Script Image Ressource Select -->
					<control type="radiobutton" id="9115">
						<width>100%</width>
						<radioposx>40</radioposx>
						<align>right</align>
						<label>script.image.resource.select $INFO[System.AddonVersion(script.image.resource.select),(,)]</label>
						<textureradioonfocus colordiffuse="ff00991f">common/radio-on.png</textureradioonfocus>
						<textureradioonnofocus colordiffuse="ff00991f">common/radio-on.png</textureradioonnofocus>
						<textureradioofffocus colordiffuse="fff02222">common/status_off.png</textureradioofffocus>
						<textureradiooffnofocus colordiffuse="fff02222">common/status_off.png</textureradiooffnofocus>
						<onclick condition="!System.HasAddon(script.image.resource.select)">RunPlugin(plugin://script.image.resource.select)</onclick>
						<onclick condition="System.HasAddon(script.image.resource.select)">Addon.OpenSettings(script.image.resource.select)</onclick>
						<selected>System.HasAddon(script.image.resource.select)</selected>
						<include>Defs_OptionButton</include>
						<visible>ControlGroup(8000).HasFocus(8098)</visible>
					</control>
					<!-- Program Autocompletion -->
					<control type="radiobutton" id="9114">
						<width>100%</width>
						<radioposx>40</radioposx>
						<align>right</align>
						<label>plugin.program.autocompletion $INFO[System.AddonVersion(plugin.program.autocompletion),(,)]</label>
						<textureradioonfocus colordiffuse="ff00991f">common/radio-on.png</textureradioonfocus>
						<textureradioonnofocus colordiffuse="ff00991f">common/radio-on.png</textureradioonnofocus>
						<textureradioofffocus colordiffuse="fff02222">common/status_off.png</textureradioofffocus>
						<textureradiooffnofocus colordiffuse="fff02222">common/status_off.png</textureradiooffnofocus>
						<onclick condition="!System.HasAddon(plugin.program.autocompletion)">RunPlugin(plugin://plugin.program.autocompletion)</onclick>
						<onclick condition="System.HasAddon(plugin.program.autocompletion)">Addon.OpenSettings(plugin.program.autocompletion)</onclick>
						<selected>System.HasAddon(plugin.program.autocompletion)</selected>
						<include>Defs_OptionButton</include>
						<visible>ControlGroup(8000).HasFocus(8098)</visible>
					</control>
					<!-- Library Data Provider -->
					<control type="radiobutton" id="9113">
						<width>100%</width>
						<radioposx>40</radioposx>
						<align>right</align>
						<label>service.library.data.provider $INFO[System.AddonVersion(service.library.data.provider),(,)]</label>
						<textureradioonfocus colordiffuse="ff00991f">common/radio-on.png</textureradioonfocus>
						<textureradioonnofocus colordiffuse="ff00991f">common/radio-on.png</textureradioonnofocus>
						<textureradioofffocus colordiffuse="fff02222">common/status_off.png</textureradioofffocus>
						<textureradiooffnofocus colordiffuse="fff02222">common/status_off.png</textureradiooffnofocus>
						<onclick condition="!System.HasAddon(service.library.data.provider)">RunPlugin(plugin://service.library.data.provider)</onclick>
						<onclick condition="System.HasAddon(service.library.data.provider)">Addon.OpenSettings(service.library.data.provider)</onclick>
						<selected>System.HasAddon(service.library.data.provider)</selected>
						<include>Defs_OptionButton</include>
						<visible>ControlGroup(8000).HasFocus(8098)</visible>
					</control>
					<!-- Play Album -->
					<control type="radiobutton" id="9104">
						<width>100%</width>
						<radioposx>40</radioposx>
						<align>right</align>
						<label>script.playalbum $INFO[System.AddonVersion(script.playalbum),(,)]</label>
						<textureradioonfocus colordiffuse="ff00991f">common/radio-on.png</textureradioonfocus>
						<textureradioonnofocus colordiffuse="ff00991f">common/radio-on.png</textureradioonnofocus>
						<textureradioofffocus colordiffuse="fff02222">common/status_off.png</textureradioofffocus>
						<textureradiooffnofocus colordiffuse="fff02222">common/status_off.png</textureradiooffnofocus>
						<onclick condition="!System.HasAddon(script.playalbum)">RunPlugin(plugin://script.playalbum)</onclick>
						<onclick condition="System.HasAddon(script.playalbum)">Addon.OpenSettings(script.playalbum)</onclick>
						<selected>System.HasAddon(script.playalbum)</selected>
						<include>Defs_OptionButton</include>
						<visible>ControlGroup(8000).HasFocus(8098)</visible>
					</control>
					<!-- Global Search -->
					<control type="radiobutton" id="9105">
						<width>100%</width>
						<radioposx>40</radioposx>
						<align>right</align>
						<label>script.globalsearch $INFO[System.AddonVersion(script.globalsearch),(,)]</label>
						<textureradioonfocus colordiffuse="ff00991f">common/radio-on.png</textureradioonfocus>
						<textureradioonnofocus colordiffuse="ff00991f">common/radio-on.png</textureradioonnofocus>
						<textureradioofffocus colordiffuse="fff02222">common/status_off.png</textureradioofffocus>
						<textureradiooffnofocus colordiffuse="fff02222">common/status_off.png</textureradiooffnofocus>
						<onclick condition="!System.HasAddon(script.globalsearch)">RunPlugin(plugin://script.globalsearch)</onclick>
						<onclick condition="System.HasAddon(script.globalsearch)">Addon.OpenSettings(script.globalsearch)</onclick>
						<selected>System.HasAddon(script.globalsearch)</selected>
						<include>Defs_OptionButton</include>
						<visible>ControlGroup(8000).HasFocus(8098)</visible>
					</control>
					<!-- NextUp Notification -->
					<control type="radiobutton" id="9106">
						<width>100%</width>
						<radioposx>40</radioposx>
						<align>right</align>
						<label>service.nextup.notification $INFO[System.AddonVersion(service.nextup.notification),(,)]</label>
						<textureradioonfocus colordiffuse="ff00991f">common/radio-on.png</textureradioonfocus>
						<textureradioonnofocus colordiffuse="ff00991f">common/radio-on.png</textureradioonnofocus>
						<textureradioofffocus colordiffuse="fff02222">common/status_off.png</textureradioofffocus>
						<textureradiooffnofocus colordiffuse="fff02222">common/status_off.png</textureradiooffnofocus>
						<onclick condition="!System.HasAddon(service.nextup.notification)">RunPlugin(plugin://service.nextup.notification)</onclick>
						<onclick condition="System.HasAddon(service.nextup.notification)">Addon.OpenSettings(service.nextup.notification)</onclick>
						<selected>System.HasAddon(service.nextup.notification)</selected>
						<include>Defs_OptionButton</include>
						<visible>ControlGroup(8000).HasFocus(8098)</visible>
					</control>
					<!-- Artwork Downloader -->
					<control type="radiobutton" id="9107">
						<width>100%</width>
						<radioposx>40</radioposx>
						<align>right</align>
						<label>script.artwork.downloader $INFO[System.AddonVersion(script.artwork.downloader),(,)]</label>
						<textureradioonfocus colordiffuse="ff00991f">common/radio-on.png</textureradioonfocus>
						<textureradioonnofocus colordiffuse="ff00991f">common/radio-on.png</textureradioonnofocus>
						<textureradioofffocus colordiffuse="fff02222">common/status_off.png</textureradioofffocus>
						<textureradiooffnofocus colordiffuse="fff02222">common/status_off.png</textureradiooffnofocus>
						<onclick condition="!System.HasAddon(script.artwork.downloader)">RunPlugin(plugin://script.artwork.downloader)</onclick>
						<onclick condition="System.HasAddon(script.artwork.downloader)">Addon.OpenSettings(script.artwork.downloader)</onclick>
						<selected>System.HasAddon(script.artwork.downloader)</selected>
						<include>Defs_OptionButton</include>
						<visible>ControlGroup(8000).HasFocus(8098)</visible>
					</control>
					<!-- Artist Slideshow -->
					<control type="radiobutton" id="9108">
						<width>100%</width>
						<radioposx>40</radioposx>
						<align>right</align>
						<label>script.artistslideshow $INFO[System.AddonVersion(script.artistslideshow),(,)]</label>
						<textureradioonfocus colordiffuse="ff00991f">common/radio-on.png</textureradioonfocus>
						<textureradioonnofocus colordiffuse="ff00991f">common/radio-on.png</textureradioonnofocus>
						<textureradioofffocus colordiffuse="fff02222">common/status_off.png</textureradioofffocus>
						<textureradiooffnofocus colordiffuse="fff02222">common/status_off.png</textureradiooffnofocus>
						<onclick condition="!System.HasAddon(script.artistslideshow)">RunPlugin(plugin://script.artistslideshow)</onclick>
						<onclick condition="System.HasAddon(script.artistslideshow)">Addon.OpenSettings(script.artistslideshow)</onclick>
						<selected>System.HasAddon(script.artistslideshow)</selected>
						<include>Defs_OptionButton</include>
						<visible>ControlGroup(8000).HasFocus(8098)</visible>
					</control>
					<!-- Colorbox -->
					<control type="radiobutton" id="9116">
						<width>100%</width>
						<radioposx>40</radioposx>
						<align>right</align>
						<label>script.colorbox $INFO[System.AddonVersion(script.colorbox),(,)]</label>
						<textureradioonfocus colordiffuse="ff00991f">common/radio-on.png</textureradioonfocus>
						<textureradioonnofocus colordiffuse="ff00991f">common/radio-on.png</textureradioonnofocus>
						<textureradioofffocus colordiffuse="fff02222">common/status_off.png</textureradioofffocus>
						<textureradiooffnofocus colordiffuse="fff02222">common/status_off.png</textureradiooffnofocus>
						<onclick condition="!System.HasAddon(script.colorbox)">RunPlugin(plugin://script.colorbox)</onclick>
						<onclick condition="System.HasAddon(script.colorbox)">Addon.OpenSettings(script.colorbox)</onclick>
						<selected>System.HasAddon(script.colorbox)</selected>
						<include>Defs_OptionButton</include>
						<visible>ControlGroup(8000).HasFocus(8098)</visible>
					</control>
					<!-- TV Show Next Aired -->
					<control type="radiobutton" id="9109">
						<width>100%</width>
						<radioposx>40</radioposx>
						<align>right</align>
						<label>script.tv.show.next.aired $INFO[System.AddonVersion(script.tv.show.next.aired),(,)]</label>
						<textureradioonfocus colordiffuse="ff00991f">common/radio-on.png</textureradioonfocus>
						<textureradioonnofocus colordiffuse="ff00991f">common/radio-on.png</textureradioonnofocus>
						<textureradioofffocus colordiffuse="fff02222">common/status_off.png</textureradioofffocus>
						<textureradiooffnofocus colordiffuse="fff02222">common/status_off.png</textureradiooffnofocus>
						<onclick condition="!System.HasAddon(script.tv.show.next.aired)">RunPlugin(plugin://script.tv.show.next.aired)</onclick>
						<onclick condition="System.HasAddon(script.tv.show.next.aired)">Addon.OpenSettings(script.tv.show.next.aired)</onclick>
						<selected>System.HasAddon(script.tv.show.next.aired)</selected>
						<include>Defs_OptionButton</include>
						<visible>ControlGroup(8000).HasFocus(8098)</visible>
					</control>
					<!-- CU Lyrics -->
					<control type="radiobutton" id="9110">
						<width>100%</width>
						<radioposx>40</radioposx>
						<align>right</align>
						<label>script.cu.lrclyrics $INFO[System.AddonVersion(script.cu.lrclyrics),(,)]</label>
						<textureradioonfocus colordiffuse="ff00991f">common/radio-on.png</textureradioonfocus>
						<textureradioonnofocus colordiffuse="ff00991f">common/radio-on.png</textureradioonnofocus>
						<textureradioofffocus colordiffuse="fff02222">common/status_off.png</textureradioofffocus>
						<textureradiooffnofocus colordiffuse="fff02222">common/status_off.png</textureradiooffnofocus>
						<onclick condition="!System.HasAddon(script.cu.lrclyrics)">RunPlugin(plugin://script.cu.lrclyrics)</onclick>
						<onclick condition="System.HasAddon(script.cu.lrclyrics)">Addon.OpenSettings(script.cu.lrclyrics)</onclick>
						<selected>System.HasAddon(script.cu.lrclyrics)</selected>
						<include>Defs_OptionButton</include>
						<visible>ControlGroup(8000).HasFocus(8098)</visible>
					</control>
					<!-- CDArt Manager -->
					<control type="radiobutton" id="9111">
						<width>100%</width>
						<radioposx>40</radioposx>
						<align>right</align>
						<label>script.cdartmanager $INFO[System.AddonVersion(script.cdartmanager),(,)]</label>
						<textureradioonfocus colordiffuse="ff00991f">common/radio-on.png</textureradioonfocus>
						<textureradioonnofocus colordiffuse="ff00991f">common/radio-on.png</textureradioonnofocus>
						<textureradioofffocus colordiffuse="fff02222">common/status_off.png</textureradioofffocus>
						<textureradiooffnofocus colordiffuse="fff02222">common/status_off.png</textureradiooffnofocus>
						<onclick condition="!System.HasAddon(script.cdartmanager)">RunPlugin(plugin://script.cdartmanager)</onclick>
						<onclick condition="System.HasAddon(script.cdartmanager)">Addon.OpenSettings(script.cdartmanager)</onclick>
						<selected>System.HasAddon(script.cdartmanager)</selected>
						<include>Defs_OptionButton</include>
						<visible>ControlGroup(8000).HasFocus(8098)</visible>
					</control>
					<!-- Youtube -->
					<control type="radiobutton" id="9112">
						<width>100%</width>
						<radioposx>40</radioposx>
						<align>right</align>
						<label>plugin.video.youtube $INFO[System.AddonVersion(plugin.video.youtube),(,)]</label>
						<textureradioonfocus colordiffuse="ff00991f">common/radio-on.png</textureradioonfocus>
						<textureradioonnofocus colordiffuse="ff00991f">common/radio-on.png</textureradioonnofocus>
						<textureradioofffocus colordiffuse="fff02222">common/status_off.png</textureradioofffocus>
						<textureradiooffnofocus colordiffuse="fff02222">common/status_off.png</textureradiooffnofocus>
						<onclick condition="!System.HasAddon(plugin.video.youtube)">RunPlugin(plugin://plugin.video.youtube)</onclick>
						<onclick condition="System.HasAddon(plugin.video.youtube)">Addon.OpenSettings(plugin.video.youtube)</onclick>
						<selected>System.HasAddon(plugin.video.youtube)</selected>
						<include>Defs_OptionButton</include>
						<visible>ControlGroup(8000).HasFocus(8098)</visible>
					</control>
				</control>
			</control>
		</control>
	</controls>
</window>