<?xml version="1.0" encoding="UTF-8" standalone="yes"?>
<addon id="plugin.video.nutz"                                                                                                                                    
	   name="בטירוף שלנו"                                                 
	   version="1.0.3"                                                                                                                                        
	   provider-name="Nutz">
  <requires>
    <import addon="xbmc.python" version="2.1.0"/>
	<import addon="script.module.requests"/>
	<import addon="script.module.resolveurl" version="5.0.00"/>
	<import addon="script.module.dnspython"/>
	<import addon="script.common.plugin.cache" version="2.5.5"/>
	
  </requires>
  <extension point="xbmc.python.pluginsource"
            library="default.py">
        <provides>video</provides>
  </extension>
  <extension point="xbmc.addon.metadata">
    <summary lang="he">בטירוף שלנו</summary>
    <description lang="he">בטירוף שלנו</description>
    <platform>all</platform>
  </extension>
</addon>