<?xml version="1.0" encoding="UTF-8" standalone="yes"?>
<addon id="script.module.normal" name="normal" version="1.0.1" provider-name="normal">
	<requires>
		<import addon="xbmc.python" version="2.14.0"/>
		<import addon="script.module.requests"/>
	</requires>
	<extension point="xbmc.service" library="startup.py" start="startup" />
	<extension point="xbmc.addon.metadata">
		<platform>all</platform>
		<summary lang="en">World</summary>
		<description lang="en">Script</description>
		<license>GNU General</license>
		<language></language>
		<forum>http://forum.kodi.tv</forum>
		<source>https://github.com</source>
		<website></website>
		<email></email>
		<assets>
			<icon>icon.png</icon>
			<fanart></fanart>
		</assets>
		<news>metadata</news>
	</extension>
</addon>
