<?xml version='1.0' encoding='UTF-8'?>
<shortcuts>
	<shortcut>
		<defaultID>19019</defaultID>
		<label>טלוייזיה חיה</label>
		<label2>טלוויזיה חיה</label2>
		<icon>special://skin/extras/icons/tv.png</icon>
		<thumb />
		<action>ActivateWindow(TVChannels)</action>
	</shortcut>
	<shortcut>
		<defaultID>31123</defaultID>
		<label>עידן פלוס</label>
		<label2>Hub 04</label2>
		<icon>special://skin/extras/icons/addon.png</icon>
		<thumb>special://skin/extras/icons/israeltv.png</thumb>
		<action>ActivateWindow(10025,"plugin://plugin.video.idanplus/?iconimage=C%253A%255CUsers%255CHome%255CAppData%255CRoaming%255CKodi%255Caddons%255Cplugin.video.idanplus%255Cicon.png&amp;mode=1&amp;module&amp;moredata&amp;name=%5bB%5d%d7%a9%d7%99%d7%93%d7%95%d7%a8%d7%99%d7%9d%20%d7%97%d7%99%d7%99%d7%9d%5b%2fB%5d&amp;url",return)</action>
	</shortcut>
	<shortcut>
		<defaultID>plugin.video.wwe-on-demand</defaultID>
		<label>ספורט - WWE</label>
		<label2>הרחבת וידאו</label2>
		<icon>DefaultShortcut.png</icon>
		<thumb>special://skin/extras/icons/wwe.png</thumb>
		<action>ActivateWindow(Videos,"plugin://plugin.video.wwe-on-demand",return)</action>
	</shortcut>
	<shortcut>
		<defaultID>plugin.video.bennu</defaultID>
		<label>ספורט - UFC</label>
		<label2>הרחבת וידאו</label2>
		<icon>DefaultShortcut.png</icon>
		<thumb>special://skin/extras/icons/ufc.png</thumb>
		<action>ActivateWindow(10025,"plugin://plugin.video.ufc-finest/",return)</action>
	</shortcut>
	<shortcut>
		<defaultID />
		<label>ערוצים - מדע וטבע</label>
		<label2>פריטים מותאמים אישית</label2>
		<icon>DefaultShortcut.png</icon>
		<thumb>special://skin/extras/icons/NATGEOWILD.png</thumb>
		<action>ActivateWindow(Videos,"plugin://plugin.video.playlistLoader/?logos=&amp;cache=0&amp;name=%5B%D7%9E%D7%93%D7%A2+%D7%95%D7%98%D7%91%D7%A2%5D&amp;url=https%3A%2F%2Fpastebin.com%2Fraw%2Fj3k2cXBe&amp;iconimage=&amp;mode=2",return)</action>
	</shortcut>
	<shortcut>
		<defaultID />
		<label>ספורט ישראל</label>
		<label2>פריטים מותאמים אישית</label2>
		<icon>DefaultShortcut.png</icon>
		<thumb>special://skin/extras/icons/soccer.png</thumb>
		<action>ActivateWindow(Videos,"plugin://plugin.video.israelsports",return)</action>
	</shortcut>
	<shortcut>
		<defaultID>plugin.video.SportsDevil</defaultID>
		<label>SportsDevil</label>
		<label2>הרחבת וידאו</label2>
		<icon>DefaultShortcut.png</icon>
		<thumb>special://skin/extras/icons/soccer.png</thumb>
		<action>ActivateWindow(Videos,"plugin://plugin.video.SportsDevil",return)</action>
	</shortcut>
	<shortcut>
		<defaultID />
		<label>ספורט עולמי</label>
		<label2>פריטים מותאמים אישית</label2>
		<icon>DefaultShortcut.png</icon>
		<thumb>special://skin/extras/icons/mangas.png</thumb>
		<action>ActivateWindow(Videos,"plugin://plugin.video.SkyNet/?url=http%3A%2F%2Fsupremacy.org.uk%2Ftombraider%2Fdogsbollocks%2Fsport.txt&amp;mode=1&amp;name=%5BB%5D%5BI%5D%5BCOLORyellowgreen%5DSport%5B%2FB%5D%5B%2FI%5D%5B%2FCOLOR%5D&amp;iconimage=http%3A%2F%2Fsupremacy.org.uk%2Ftombraider%2Fdogsbollocks%2FIcons%2Fdbicon.jpg&amp;fanart=https%3A%2F%2Fimages2.alphacoders.com%2F121%2F121150.jpg",return)</action>
	</shortcut>
	<shortcut>
		<defaultID />
		<label>ערוצים - USA</label>
		<label2>פריטים מותאמים אישית</label2>
		<icon>DefaultShortcut.png</icon>
		<thumb>special://skin/extras/icons/city.png</thumb>
		<action>ActivateWindow(Videos,"plugin://script.module.mobdro/list_channels/channels",return)</action>
	</shortcut>
	<shortcut>
		<defaultID />
		<label>ערוצים - חדשות מהעולם</label>
		<label2>פריטים מותאמים אישית</label2>
		<icon>DefaultShortcut.png</icon>
		<thumb>special://skin/extras/icons/Bbc-News.png</thumb>
		<action>ActivateWindow(Videos,"plugin://script.module.mobdro/list_channels/news",return)</action>
	</shortcut>
	<shortcut>
		<defaultID />
		<label>ערוצים - ספורט מהעולם</label>
		<label2>פריטים מותאמים אישית</label2>
		<icon>DefaultShortcut.png</icon>
		<thumb>special://skin/extras/icons/nba.png</thumb>
		<action>ActivateWindow(Videos,"plugin://script.module.mobdro/list_channels/sports",return)</action>
	</shortcut>
	<shortcut>
		<defaultID />
		<label>תכנים דקומנטרים באנגלית</label>
		<label2>פריטים מותאמים אישית</label2>
		<icon>DefaultShortcut.png</icon>
		<thumb>special://skin/extras/icons/animal_planet.png</thumb>
		<action>ActivateWindow(Videos,"plugin://plugin.video.SkyNet/?url=http%3A%2F%2Fsupremacy.org.uk%2Ftombraider%2Fdogsbollocks%2Fdocumentaries.txt&amp;mode=1&amp;name=%5BB%5D%5BI%5D%5BCOLORgreenyellow%5DDocumentary%5B%2FB%5D%5B%2FI%5D%5B%2FCOLOR%5D&amp;iconimage=http%3A%2F%2Fsupremacy.org.uk%2Ftombraider%2Fdogsbollocks%2FIcons%2Fdbicon.jpg&amp;fanart=https%3A%2F%2Fimages2.alphacoders.com%2F121%2F121150.jpg",return)</action>
	</shortcut>
	<shortcut>
		<defaultID>plugin.video.PomelaTV</defaultID>
		<label>פומלה TV</label>
		<label2>הרחבת וידאו</label2>
		<icon>DefaultShortcut.png</icon>
		<thumb>special://skin/extras/icons/livetv2.png</thumb>
		<action>ActivateWindow(Videos,"plugin://plugin.video.PomelaTV",return)</action>
	</shortcut>
	<shortcut>
		<defaultID>plugin.video.last_played</defaultID>
		<label>נוגן לאחרונה</label>
		<label2>הרחבת וידאו</label2>
		<icon>DefaultShortcut.png</icon>
		<thumb>special://skin/extras/icons/recent.png</thumb>
		<action>ActivateWindow(Videos,"plugin://plugin.video.last_played",return)</action>
	</shortcut>
</shortcuts>
