<?xml version='1.0' encoding='UTF-8'?>
<shortcuts>
	<shortcut>
		<defaultID>movies</defaultID>
		<label>סרטים</label>
		<label2>Hub 1101</label2>
		<icon>special://skin/extras/icons/film.png</icon>
		<thumb>special://skin/extras/icons/hd.png</thumb>
		<action>ActivateWindow(1101)</action>
	</shortcut>
	<shortcut>
		<defaultID>tvshows</defaultID>
		<label>20343</label>
		<label2>Hub 1102</label2>
		<icon>special://skin/extras/icons/tv.png</icon>
		<thumb>special://skin/extras/icons/director.png</thumb>
		<action>ActivateWindow(1102)</action>
	</shortcut>
	<shortcut>
		<defaultID />
		<label>תוכן ישראלי</label>
		<label2>Custom item</label2>
		<icon>DefaultShortcut.png</icon>
		<thumb>special://skin/extras/icons/vod.png</thumb>
		<action>ActivateWindow(1111)</action>
	</shortcut>
	<shortcut>
		<defaultID>livetv</defaultID>
		<label>טלוויזיה</label>
		<label2>Custom item</label2>
		<icon>special://skin/extras/icons/livetv.png</icon>
		<thumb>special://skin/extras/icons/israeltv.png</thumb>
		<action>ActivateWindow(1112)</action>
	</shortcut>
	<shortcut>
		<defaultID />
		<label>ילדים</label>
		<label2>Custom item</label2>
		<icon>DefaultShortcut.png</icon>
		<thumb>special://skin/extras/icons/tom-and-jerry.png</thumb>
		<action>ActivateWindow(1110)</action>
	</shortcut>
	<shortcut>
		<defaultID>music</defaultID>
		<label>2</label>
		<label2>Custom item</label2>
		<icon>special://skin/extras/icons/songs.png</icon>
		<thumb>special://skin/extras/icons/play2.png</thumb>
		<action>ActivateWindow(1114)</action>
	</shortcut>
	<shortcut>
		<defaultID />
		<label>מועדפים</label>
		<label2>Custom item</label2>
		<icon>DefaultShortcut.png</icon>
		<thumb>special://skin/extras/icons/favorites.png</thumb>
		<action>ActivateWindow(Favourites)</action>
	</shortcut>
	<shortcut>
		<defaultID>plugin.program.meta_search</defaultID>
		<label>חיפוש</label>
		<label2>פריטים מותאמים אישית</label2>
		<icon>DefaultShortcut.png</icon>
		<thumb>special://skin/extras/icons/tv-search.png</thumb>
		<action>ActivateWindow(1104)</action>
	</shortcut>
	<shortcut>
		<defaultID />
		<label>תחזוקה</label>
		<label2>פריטים מותאמים אישית</label2>
		<icon>DefaultShortcut.png</icon>
		<thumb>special://skin/extras/icons/configure.png</thumb>
		<action>ActivateWindow(1106)</action>
	</shortcut>
	<shortcut>
		<defaultID>power</defaultID>
		<label>כיבוי</label>
		<label2>Common Shortcut</label2>
		<icon>special://skin/extras/icons/power.png</icon>
		<thumb>special://skin/extras/icons/newzise/power.png</thumb>
		<action>ActivateWindow(shutdownmenu)</action>
	</shortcut>
</shortcuts>
