<?xml version='1.0' encoding='UTF-8'?>
<shortcuts>
	<shortcut>
		<defaultID>plugin.video.karaoketv</defaultID>
		<label>קיר סדרות </label>
		<label2>פריטים מותאמים אישית</label2>
		<icon>DefaultShortcut.png</icon>
		<thumb>special://skin/extras/icons/hd.png</thumb>
		<action>ActivateWindow(Videos,"plugin://plugin.video.tvshows/?url=http%3A%2F%2Fwww.tvil.me%2F&amp;mode=8&amp;name=%5BCOLOR+kakhi%5D%5BI%5D%D7%9B%D7%9C+%D7%94%D7%A1%D7%93%D7%A8%D7%95%D7%AA%5B%2FI%5D%5B%2FCOLOR%5D&amp;iconimage=https%3A%2F%2Fpics.clipartpng.com%2Fmidle%2FSuper_Hero_PNG_Clip_Art-1119.png&amp;fanart=https%3A%2F%2Fcdn.movieweb.com%2Fimg.news.tops%2FNEx6Czlz5SCWBy_1_b%2FMarvel-Movies-Release-Slate-2021-2022-Mcu.jpg&amp;description=%D7%97%D7%99%D7%A4%D7%95%D7%A9&amp;data= ",return)</action>
	</shortcut>
	<shortcut>
		<defaultID />
		<label>קיר סדרות מקומי</label>
		<label2>פריטים מותאמים אישית</label2>
		<icon>DefaultShortcut.png</icon>
		<thumb>special://skin/extras/icons/hd.png</thumb>
		<action>ActivateWindow(Videos,library://video/tvshows/titles.xml/,return)</action>
	</shortcut>
	<shortcut>
		<defaultID />
		<label>קיר סדרות מתעדכן</label>
		<label2>פריטים מותאמים אישית</label2>
		<icon>DefaultShortcut.png</icon>
		<thumb>special://skin/extras/icons/hd.png</thumb>
		<action>ActivateWindow(10025,"plugin://script.extendedinfo/?info=alltvshows",return)</action>
	</shortcut>
	<shortcut>
		<defaultID />
		<label>סדרות - Ember</label>
		<label2>פריטים מותאמים אישית</label2>
		<icon>DefaultShortcut.png</icon>
		<thumb>special://skin/extras/icons/hd.png</thumb>
		<action>ActivateWindow(Videos,"plugin://plugin.video.ember/?url=+&amp;mode=7&amp;name=סדרות&amp;iconimage=http%3A%2F%2Fwww.ubackground.com%2F_ph%2F3%2F805165691.jpg&amp;fanart=http%3A%2F%2Fi2.wp.com%2Fwww.alienartgallery.com%2Fwp-content%2Fuploads%2F2016%2F10%2Ffuturistic-city-wallpaper-preview-6.jpg%3Fresize%3D800%252C450&amp;description=%D7%A1%D7%93%D7%A8%D7%95%D7%AA&amp;season=+&amp;rating= &amp;imdb= &amp;year= &amp;generes= &amp;id= &amp;original_title= ",return)</action>
	</shortcut>
	<shortcut>
		<defaultID />
		<label>סדרות - ויקטורי</label>
		<label2>פריטים מותאמים אישית</label2>
		<icon>DefaultShortcut.png</icon>
		<thumb>special://skin/extras/icons/hd.png</thumb>
		<action>ActivateWindow(Videos,"plugin://plugin.video.allmoviesin/?url=www&amp;mode=14&amp;name=סדרות&amp;iconimage=http%3A%2F%2Fhd.wallpaperswide.com%2Fthumbs%2Fvikings_tv_show-t2.jpg&amp;fanart=https%3A%2F%2Fvignette.wikia.nocookie.net%2Fgrimm%2Fimages%2F1%2F19%2FSeason_6_Poster_v2_wide.jpg%2Frevision%2Flatest%3Fcb%3D20161010171057&amp;description=סדרות&amp;heb_name= &amp;data= &amp;original_title= &amp;id= &amp;season= &amp;episode= &amp;tmdbid= &amp;eng_name= &amp;show_original_year= ",return)</action>
	</shortcut>
	<shortcut>
		<defaultID>plugin.video.metalliq/tv/tmdb/most_popular/1</defaultID>
		<label>סדרות - Chappaai</label>
		<label2>פריטים מותאמים אישית</label2>
		<icon>DefaultShortcut.png</icon>
		<thumb>special://skin/extras/icons/hd.png</thumb>
		<action>ActivateWindow(Videos,"plugin://plugin.video.chappaai/tv",return)</action>
	</shortcut>
	<shortcut>
		<defaultID />
		<label>סדרות - Seret</label>
		<label2>הרחבת וידאו</label2>
		<icon>DefaultShortcut.png</icon>
		<thumb>special://skin/extras/icons/hd.png</thumb>
		<action>ActivateWindow(Videos,"plugin://plugin.video.serethd/?url=https%3A%2F%2Fserethd.net%2Fgenre%2F%25d7%25a1%25d7%2593%25d7%25a8%25d7%2595%25d7%25aa&amp;mode=2&amp;name=%D7%A1%D7%93%D7%A8%D7%95%D7%AA&amp;iconimage=+&amp;fanart=+&amp;description=%D7%A1%D7%93%D7%A8%D7%95%D7%AA",return)</action>
	</shortcut>
	<shortcut>
		<defaultID />
		<label>סדרות פופקורן טיים</label>
		<label2>הרחבת וידאו</label2>
		<icon>DefaultShortcut.png</icon>
		<thumb>special://skin/extras/icons/hd.png</thumb>
		<action>ActivateWindow(Videos,"plugin://plugin.video.kodipopcorntime/?action=cat_TVShows&amp;endpoint=folders&amp;mediaType=movies",return)</action>
	</shortcut>
	<shortcut>
		<defaultID />
		<label>סדרות - Incursion</label>
		<label2>פריטים מותאמים אישית</label2>
		<icon>DefaultShortcut.png</icon>
		<thumb>special://skin/extras/icons/hd.png</thumb>
		<action>ActivateWindow(Videos,"plugin://plugin.video.incursion/?action=tvNavigator",return)</action>
	</shortcut>
	<shortcut>
		<defaultID />
		<label>סדרות - Placenta</label>
		<label2>הרחבת וידאו</label2>
		<icon>DefaultShortcut.png</icon>
		<thumb>special://skin/extras/icons/hd.png</thumb>
		<action>ActivateWindow(Videos,"plugin://plugin.video.placenta/?action=tvNavigator",return)</action>
	</shortcut>
	<shortcut>
		<defaultID />
		<label>סדרות - Apollo</label>
		<label2>הרחבת וידאו</label2>
		<icon>DefaultShortcut.png</icon>
		<thumb>special://skin/extras/icons/hd.png</thumb>
		<action>ActivateWindow(Videos,"plugin://program.apollo/?action=tvNavigator",return)</action>
	</shortcut>
	<shortcut>
		<defaultID>1214</defaultID>
		<label>1214</label>
		<label2>Episode Hub Shortcut</label2>
		<icon>special://skin/extras/icons/files.png</icon>
		<thumb />
		<action>ActivateWindow(Videos,Files,return)</action>
	</shortcut>
	<shortcut>
		<defaultID />
		<label>עדכן ספריה</label>
		<label2>פריטים מותאמים אישית</label2>
		<icon>DefaultShortcut.png</icon>
		<thumb>special://skin/extras/icons/update.png</thumb>
		<action>UpdateLibrary(video,,true)</action>
	</shortcut>
	<shortcut>
		<defaultID>plugin.video.last_played</defaultID>
		<label>נוגן לאחרונה</label>
		<label2>הרחבת וידאו</label2>
		<icon>DefaultShortcut.png</icon>
		<thumb>special://skin/extras/icons/recent.png</thumb>
		<action>ActivateWindow(Videos,"plugin://plugin.video.last_played",return)</action>
	</shortcut>
</shortcuts>
