<?xml version='1.0' encoding='UTF-8'?>
<shortcuts>
	<shortcut>
		<defaultID>31093</defaultID>
		<label>קיר סרטים</label>
		<label2>פריטים מותאמים אישית</label2>
		<icon>special://skin/extras/icons/film.png</icon>
		<thumb>special://skin/extras/icons/moviewall.png</thumb>
		<action>ActivateWindow(Videos,library://video/movies/titles.xml/,return)</action>
	</shortcut>
	<shortcut>
		<defaultID />
		<label>קיר סרטים לפי קטגוריות</label>
		<label2>פריטים מותאמים אישית</label2>
		<icon>DefaultShortcut.png</icon>
		<thumb>special://skin/extras/icons/hd.png</thumb>
		<action>ActivateWindow(10025,"plugin://script.extendedinfo/?info=allmovies",return)</action>
	</shortcut>
	<shortcut>
		<defaultID />
		<label>סרטים - Ember</label>
		<label2>פריטים מותאמים אישית</label2>
		<icon>DefaultShortcut.png</icon>
		<thumb>special://skin/extras/icons/hd.png</thumb>
		<action>ActivateWindow(Videos,"plugin://plugin.video.ember/?url=+&amp;mode=6&amp;name=סרטים&amp;iconimage=http%3A%2F%2Fimg.hebus.com%2Fhebus_2012%2F10%2F07%2Fpreview%2F1349590502_89973.jpg&amp;fanart=https%3A%2F%2Fnewevolutiondesigns.com%2Fimages%2Ffreebies%2Ffuturistic-city-wallpaper-40.jpg&amp;description=%D7%A1%D7%A8%D7%98%D7%99%D7%9D&amp;season=+&amp;rating= &amp;imdb= &amp;year= &amp;generes= &amp;id= &amp;original_title= ",return)</action>
	</shortcut>
	<shortcut>
		<defaultID />
		<label>סרטים עם תרגום מובנה</label>
		<label2>פריטים מותאמים אישית</label2>
		<icon>DefaultShortcut.png</icon>
		<thumb>special://skin/extras/icons/hd.png</thumb>
		<action>ActivateWindow(1117)</action>
	</shortcut>
	<shortcut>
		<defaultID />
		<label>סרטים - 4K</label>
		<label2>פריטים מותאמים אישית</label2>
		<icon>DefaultShortcut.png</icon>
		<thumb>special://skin/extras/icons/hd.png</thumb>
		<action>ActivateWindow(Videos,"plugin://plugin.video.SkyNet/?url=https%3A%2F%2Fpastebin.com%2Fraw%2FdzavhtZP&amp;mode=1&amp;name=%5BCOLOR+white%5DSkynet+4K+UHD%5B%2FCOLOR%5D&amp;fanart=https%3A%2F%2Fi.imgur.com%2FLboMZjr.jpg",return)</action>
	</shortcut>
	<shortcut>
		<defaultID>plugin.video.metalliq/movies/tmdb/now_playing/1</defaultID>
		<label>סרטים - Chappaai</label>
		<label2>פריטים מותאמים אישית</label2>
		<icon>DefaultShortcut.png</icon>
		<thumb>special://skin/extras/icons/hd.png</thumb>
		<action>ActivateWindow(Videos,"plugin://plugin.video.chappaai/movies",return)</action>
	</shortcut>
	<shortcut>
		<defaultID />
		<label>סרטים - Real Debrid</label>
		<label2>פריטים מותאמים אישית</label2>
		<icon>DefaultShortcut.png</icon>
		<thumb>special://skin/extras/icons/hd.png</thumb>
		<action>ActivateWindow(1121)</action>
	</shortcut>
	<shortcut>
		<defaultID />
		<label>סרטים - ויקטורי</label>
		<label2>פריטים מותאמים אישית</label2>
		<icon>DefaultShortcut.png</icon>
		<thumb>special://skin/extras/icons/hd.png</thumb>
		<action>ActivateWindow(Videos,"plugin://plugin.video.allmoviesin/?url=www&amp;mode=13&amp;name=סרטים&amp;iconimage=https%3A%2F%2Fvignette.wikia.nocookie.net%2Fsurvivor-org%2Fimages%2Ff%2Ff7%2F13432033-movie-theme-design.jpg%2Frevision%2Flatest%3Fcb%3D20140512163942&amp;fanart=https%3A%2F%2Fimages.fandango.com%2FImageRenderer%2F0%2F0%2Fredesign%2Fstatic%2Fimg%2Fdefault_poster.png%2F0%2Fimages%2Fmasterrepository%2Fother%2FINTRO_AvengersAgeUltron_FINAL.jpg&amp;description=סרטים&amp;heb_name= &amp;data= &amp;original_title= &amp;id= &amp;season= &amp;episode= &amp;tmdbid= &amp;eng_name= &amp;show_original_year= ",return)</action>
	</shortcut>
	<shortcut>
		<defaultID>plugin.video.quasar</defaultID>
		<label>סרטים - טורונטים</label>
		<label2>פריטים מותאמים אישית</label2>
		<icon>DefaultShortcut.png</icon>
		<thumb>special://skin/extras/icons/hd.png</thumb>
		<action>ActivateWindow(1109)</action>
	</shortcut>
	<shortcut>
		<defaultID />
		<label>סרטים - Incursion</label>
		<label2>פריטים מותאמים אישית</label2>
		<icon>DefaultShortcut.png</icon>
		<thumb>special://skin/extras/icons/hd.png</thumb>
		<action>ActivateWindow(Videos,"plugin://plugin.video.incursion/?action=movieNavigator",return)</action>
	</shortcut>
	<shortcut>
		<defaultID />
		<label>סרטים - Placenta</label>
		<label2>הרחבת וידאו</label2>
		<icon>DefaultShortcut.png</icon>
		<thumb>special://skin/extras/icons/hd.png</thumb>
		<action>ActivateWindow(Videos,"plugin://plugin.video.placenta/?action=movieNavigator",return)</action>
	</shortcut>
	<shortcut>
		<defaultID>program.apollo</defaultID>
		<label>סרטים - Apollo</label>
		<label2>פריטים מותאמים אישית</label2>
		<icon>DefaultShortcut.png</icon>
		<thumb>special://skin/extras/icons/hd.png</thumb>
		<action>ActivateWindow(Videos,"plugin://program.apollo/?action=movieNavigator",return)</action>
	</shortcut>
	<shortcut>
		<defaultID />
		<label>סרטים - 18+</label>
		<label2>פריטים מותאמים אישית</label2>
		<icon>DefaultShortcut.png</icon>
		<thumb>special://skin/extras/icons/sex.png</thumb>
		<action>ActivateWindow(1113)</action>
	</shortcut>
	<shortcut>
		<defaultID>1214</defaultID>
		<label>1214</label>
		<label2>Movie Hub Shortcut</label2>
		<icon>special://skin/extras/icons/files.png</icon>
		<thumb />
		<action>ActivateWindow(Videos,Files,return)</action>
	</shortcut>
	<shortcut>
		<defaultID>653</defaultID>
		<label>653</label>
		<label2>Movie Hub Shortcut</label2>
		<icon>special://skin/extras/icons/update.png</icon>
		<thumb />
		<action>UpdateLibrary(video)</action>
	</shortcut>
	<shortcut>
		<defaultID>plugin.video.last_played</defaultID>
		<label>נוגן לאחרונה</label>
		<label2>הרחבת וידאו</label2>
		<icon>DefaultShortcut.png</icon>
		<thumb>special://skin/extras/icons/recent.png</thumb>
		<action>ActivateWindow(Videos,"plugin://plugin.video.last_played",return)</action>
	</shortcut>
</shortcuts>
