<?xml version='1.0' encoding='UTF-8'?>
<shortcuts>
	<shortcut>
		<defaultID>plugin.program.CTVP</defaultID>
		<label>עדכון גירסה</label>
		<label2>פריטים מותאמים אישית</label2>
		<icon>DefaultShortcut.png</icon>
		<thumb>special://skin/extras/icons/download.png</thumb>
		<action>ActivateWindow(Programs,"plugin://plugin.program.Anonymous",return)</action>
	</shortcut>
	<shortcut>
		<defaultID />
		<label>הגדרות</label>
		<label2>פריטים מותאמים אישית</label2>
		<icon>DefaultShortcut.png</icon>
		<thumb>special://skin/extras/icons/kodi.png</thumb>
		<action>ActivateWindow(Settings)</action>
	</shortcut>
	<shortcut>
		<defaultID />
		<label>עדכון מהיר + מה חדש </label>
		<label2>פריטים מותאמים אישית</label2>
		<icon>DefaultShortcut.png</icon>
		<thumb>special://skin/extras/icons/download_repo.png</thumb>
		<action>PlayMedia("plugin://plugin.program.Anonymous/?mode=testnotify")</action>
	</shortcut>
	<shortcut>
		<defaultID>plugin.program.CTVP</defaultID>
		<label>שמירת נתונים לפני עדכון</label>
		<label2>פריטים מותאמים אישית</label2>
		<icon>DefaultShortcut.png</icon>
		<thumb>special://skin/extras/icons/files.png</thumb>
		<action>ActivateWindow(10001,plugin://plugin.program.Anonymous/?mode=savedata,return)</action>
	</shortcut>
	<shortcut>
		<defaultID>31123</defaultID>
		<label>הגדרת חשבון RD</label>
		<label2>פריטים מותאמים אישית</label2>
		<icon>DefaultShortcut.png</icon>
		<thumb>special://skin/extras/icons/Premium.png</thumb>
		<action>ActivateWindow(1108)</action>
	</shortcut>
	<shortcut>
		<defaultID>plugin.video.boxsetkings</defaultID>
		<label>עדכון נגנים </label>
		<label2>הרחבת וידאו</label2>
		<icon>DefaultShortcut.png</icon>
		<thumb>special://skin/extras/icons/chrome.png</thumb>
		<action>PlayMedia("plugin://plugin.program.Settingz/?url=plugin.&amp;mode=8&amp;name=%5BCOLOR+purple%5D%D7%94%D7%AA%D7%A7%D7%A0%D7%AA+%D7%A0%D7%92%D7%A0%D7%99%D7%9D+%D7%9C%D7%A6%27%D7%90%D7%A4%D7%99%5B%2FCOLOR%5D")</action>
	</shortcut>
	<shortcut>
		<defaultID />
		<label>עדכון מאגר סרטים</label>
		<label2>פריטים מותאמים אישית</label2>
		<icon>DefaultShortcut.png</icon>
		<thumb>special://skin/extras/icons/download_repo.png</thumb>
		<action>PlayMedia("plugin://plugin.program.Settingz/?url=plugin.&amp;mode=22&amp;name=%5BCOLOR+lime%5D%D7%A2%D7%93%D7%9B%D7%9F+%D7%9E%D7%90%D7%92%D7%A8+%D7%A1%D7%A8%D7%98%D7%99%D7%9D%5B%2FCOLOR%5D")</action>
	</shortcut>
	<shortcut>
		<defaultID>24001</defaultID>
		<label>התקנה מקובץ ZIP</label>
		<label2>הגדרות</label2>
		<icon>special://skin/extras/icons/addons.png</icon>
		<thumb>special://home/Graphics/icons/chrome.png</thumb>
		<action>ActivateWindow(AddonBrowser)</action>
	</shortcut>
	<shortcut>
		<defaultID>1037</defaultID>
		<label>1037</label>
		<label2>וידאו</label2>
		<icon>special://skin/extras/icons/video-addons.png</icon>
		<thumb>special://home/Graphics/icons/recordings.png</thumb>
		<action>ActivateWindow(Videos,Addons,return)</action>
	</shortcut>
	<shortcut>
		<defaultID>programs</defaultID>
		<label>הרחבת תוכנות</label>
		<label2>פריט תפריט נפוץ</label2>
		<icon>special://skin/extras/icons/addons.png</icon>
		<thumb>special://home/Graphics/icons/playlist.png</thumb>
		<action>ActivateWindow(Programs,Addons,return)</action>
	</shortcut>
	<shortcut>
		<defaultID>script.merlinmaintenance</defaultID>
		<label>ניקוי קאש וחבילות</label>
		<label2>תוכנה</label2>
		<icon>DefaultShortcut.png</icon>
		<thumb>special://skin/extras/icons/Clear.png</thumb>
		<action>PlayMedia(plugin://plugin.program.Anonymous/?mode=clearcache)</action>
	</shortcut>
	<shortcut>
		<defaultID />
		<label>ניקוי נוגן לאחרונה</label>
		<label2>פריטים מותאמים אישית</label2>
		<icon>DefaultShortcut.png</icon>
		<thumb>special://skin/extras/icons/cd.png</thumb>
		<action>ActivateWindow(Programs,"plugin://plugin.program.Settingz/?url=plugin.&amp;mode=17&amp;name=%5BCOLOR+lime%5D%D7%A0%D7%99%D7%A7%D7%95%D7%99+%D7%A0%D7%95%D7%92%D7%9F+%D7%9C%D7%90%D7%97%D7%A8%D7%95%D7%A0%D7%94%5B%2FCOLOR%5D",return)</action>
	</shortcut>
	<shortcut>
		<defaultID>script.merlinmaintenance</defaultID>
		<label>ניקוי תמונות</label>
		<label2>תוכנה</label2>
		<icon>DefaultShortcut.png</icon>
		<thumb>special://skin/extras/icons/openelec.png</thumb>
		<action>PlayMedia(plugin://plugin.program.Anonymous/?mode=clearthumb)</action>
	</shortcut>
	<shortcut>
		<defaultID>plugin.program.CTVP</defaultID>
		<label>התקנת באפר</label>
		<label2>פריטים מותאמים אישית</label2>
		<icon>DefaultShortcut.png</icon>
		<thumb>special://skin/extras/icons/infinity.png</thumb>
		<action>ActivateWindow(1118)</action>
	</shortcut>
	<shortcut>
		<defaultID>plugin.program.CTVP</defaultID>
		<label>הגדר דיאלוג נגנים פשוט</label>
		<label2>פריטים מותאמים אישית</label2>
		<icon>DefaultShortcut.png</icon>
		<thumb>special://skin/extras/icons/soundwave.png</thumb>
		<action>PlayMedia("plugin://plugin.program.Settingz/?url=plugin.&amp;mode=18&amp;name=%5BCOLOR+lime%5D%D7%94%D7%92%D7%93%D7%A8+%D7%93%D7%99%D7%90%D7%9C%D7%95%D7%92+%D7%A4%D7%A9%D7%95%D7%98+%D7%91%D7%A0%D7%92%D7%A0%D7%99%D7%9D%5B%2FCOLOR%5D")</action>
	</shortcut>
	<shortcut>
		<defaultID>plugin.program.CTVP</defaultID>
		<label>הגדר דיאלוג נגנים מתקדם</label>
		<label2>פריטים מותאמים אישית</label2>
		<icon>DefaultShortcut.png</icon>
		<thumb>special://skin/extras/icons/soundwave.png</thumb>
		<action>PlayMedia("plugin://plugin.program.Settingz/?url=plugin.&amp;mode=19&amp;name=%5BCOLOR+lime%5D%D7%94%D7%92%D7%93%D7%A8+%D7%93%D7%99%D7%90%D7%9C%D7%95%D7%92+%D7%9E%D7%AA%D7%A7%D7%93%D7%9D+%D7%91%D7%A0%D7%92%D7%A0%D7%99%D7%9D%5B%2FCOLOR%5D")</action>
	</shortcut>
	<shortcut>
		<defaultID>script.triangulum.pair</defaultID>
		<label>אימות שרתים</label>
		<label2>פריטים מותאמים אישית</label2>
		<icon>DefaultAddon.png</icon>
		<thumb>special://skin/extras/icons/lastfm.png</thumb>
		<action>RunAddOn(script.anonymous.pairwith)</action>
	</shortcut>
	<shortcut>
		<defaultID />
		<label>מנהל הקבצים</label>
		<label2>Custom item</label2>
		<icon>DefaultShortcut.png</icon>
		<thumb>special://skin/extras/icons/files.png</thumb>
		<action>ActivateWindow(FileManager)</action>
	</shortcut>
	<shortcut>
		<defaultID />
		<label>הסר סיסמה</label>
		<label2>פריטים מותאמים אישית</label2>
		<icon>DefaultShortcut.png</icon>
		<thumb>special://skin/extras/icons/sex.png</thumb>
		<action>PlayMedia("plugin://plugin.program.Settingz/?url=plugin.&amp;mode=14&amp;name=%5BCOLOR+lime%5D%D7%94%D7%A1%D7%A8+%D7%A1%D7%99%D7%A1%D7%9E%D7%AA+%D7%9E%D7%91%D7%95%D7%92%D7%A8%D7%99%D7%9D%5B%2FCOLOR%5D")</action>
	</shortcut>
	<shortcut>
		<defaultID />
		<label>תיקון פונט לשפות שונות</label>
		<label2>פריטים מותאמים אישית</label2>
		<icon>DefaultShortcut.png</icon>
		<thumb>special://skin/extras/icons/keyboard.png</thumb>
		<action>PlayMedia("plugin://plugin.program.Settingz/?url=plugin.&amp;mode=15&amp;name=%5BCOLOR+lime%5D%D7%94%D7%AA%D7%90%D7%9D+%D7%90%D7%AA+%D7%94%D7%92%D7%95%D7%A4%D7%9F+%D7%9C%D7%A9%D7%A4%D7%95%D7%AA+%D7%90%D7%97%D7%A8%D7%95%D7%AA%5B%2FCOLOR%5D")</action>
	</shortcut>
	<shortcut>
		<defaultID />
		<label>איפוס הגדרות ויזארד</label>
		<label2>פריטים מותאמים אישית</label2>
		<icon>DefaultShortcut.png</icon>
		<thumb>special://skin/extras/icons/addons.png</thumb>
		<action>PlayMedia("plugin://plugin.program.Settingz/?url=plugin.&amp;mode=16&amp;name=%5BCOLOR+lime%5D%D7%AA%D7%99%D7%A7%D7%95%D7%9F+%D7%A9%D7%92%D7%99%D7%90%D7%94+%D7%91%D7%95%D7%99%D7%96%D7%90%D7%A8%D7%93%5B%2FCOLOR%5D")</action>
	</shortcut>
	<shortcut>
		<defaultID>plugin.program.logviewer</defaultID>
		<label>הצג לוג מערכת</label>
		<label2>תוכנה</label2>
		<icon>DefaultShortcut.png</icon>
		<thumb>special://skin/extras/icons/dvd.png</thumb>
		<action>PlayMedia(plugin://plugin.program.Anonymous/?mode=viewlog)</action>
	</shortcut>
	<shortcut>
		<defaultID>plugin.program.CTVP</defaultID>
		<label>מה חדש בקודי</label>
		<label2>פריטים מותאמים אישית</label2>
		<icon>DefaultShortcut.png</icon>
		<thumb>special://skin/extras/icons/wifi.png</thumb>
		<action>PlayMedia("plugin://plugin.program.Anonymous/?mode=testnotify")</action>
	</shortcut>
</shortcuts>
