<?xml version='1.0' encoding='UTF-8'?>
<shortcuts>
	<shortcut>
		<defaultID>plugin.video.sdarot.tv</defaultID>
		<label>Sdarot.TV</label>
		<label2>הרחבת וידאו</label2>
		<icon>DefaultShortcut.png</icon>
		<thumb>special://skin/extras/icons/hd.png</thumb>
		<action>ActivateWindow(Videos,"plugin://plugin.video.sdarot.tv",return)</action>
	</shortcut>
	<shortcut>
		<defaultID />
		<label>סדרות ישראליות</label>
		<label2>פריטים מותאמים אישית</label2>
		<icon>DefaultShortcut.png</icon>
		<thumb>special://skin/extras/icons/hd.png</thumb>
		<action>ActivateWindow(Videos,"plugin://plugin.video.allmoviesin/?url=https%3A%2F%2Fapi.themoviedb.org%2F3%2Fdiscover%2Ftv%3Fapi_key%3D34142515d9d23817496eeb4ff1d223d0%26language%3Dhe%26sort_by%3Dpopularity.desc%26timezone%3DAmerica%252FNew_York%26include_null_first_air_dates%3Dfalse%26with_original_language%3Dhe%26page%3D1&amp;mode=3&amp;name=[COLOR lightblue]סדרות ישראליות[/COLOR]&amp;iconimage=http%3A%2F%2Fescapism.co.il%2Fwp-content%2Fuploads%2F2018%2F01%2Ffauda-768x671.jpg&amp;fanart=https%3A%2F%2Flh3.googleusercontent.com%2FSvmR1vPmDQ7NUk6p8DXn-_U4mKStXPf1-isVBCYGpnNG6_SPhnRKs3hHu3Sq4Uhhul0%3Dh900&amp;description=סדרות ישראליות&amp;data= &amp;original_title= &amp;id= &amp;season= &amp;episode= &amp;tmdbid= &amp;eng_name= ",return)</action>
	</shortcut>
	<shortcut>
		<defaultID>31123</defaultID>
		<label>סרטים ישראלים</label>
		<label2>פריטים מותאמים אישית</label2>
		<icon>special://skin/extras/icons/addon.png</icon>
		<thumb>special://skin/extras/icons/israelvod.png</thumb>
		<action>ActivateWindow(Videos,"plugin://plugin.video.israli",return)</action>
	</shortcut>
	<shortcut>
		<defaultID />
		<label>טרפת</label>
		<label2>פריטים מותאמים אישית</label2>
		<icon>DefaultShortcut.png</icon>
		<thumb>special://skin/extras/icons/tivix.png</thumb>
		<action>ActivateWindow(Videos,"plugin://plugin.video.nutz",return)</action>
	</shortcut>
	<shortcut>
		<defaultID />
		<label>בא לי פרק</label>
		<label2>פריטים מותאמים אישית</label2>
		<icon>DefaultShortcut.png</icon>
		<thumb>special://skin/extras/icons/hd.png</thumb>
		<action>ActivateWindow(Videos,"plugin://plugin.video.bali_perek",return)</action>
	</shortcut>
	<shortcut>
		<defaultID />
		<label>Mako</label>
		<label2>פריטים מותאמים אישית</label2>
		<icon>DefaultShortcut.png</icon>
		<thumb>special://skin/extras/icons/makotheweb.png</thumb>
		<action>ActivateWindow(Videos,"plugin://plugin.video.idanplus/?moredata=&amp;name=%D7%9E%D7%90%D7%A7%D7%95+VOD&amp;url=&amp;iconimage=C%253A%255CUsers%255CHome%255CAppData%255CRoaming%255CKodi%255Caddons%255Cplugin.video.idanplus%255Cresources%255Cimages%255Cmako.png&amp;module=keshet&amp;mode=0",return)</action>
	</shortcut>
	<shortcut>
		<defaultID />
		<label>רשת</label>
		<label2>פריטים מותאמים אישית</label2>
		<icon>DefaultShortcut.png</icon>
		<thumb>special://skin/extras/icons/reshet.png</thumb>
		<action>ActivateWindow(Videos,"plugin://plugin.video.idanplus/?moredata=&amp;name=%D7%A8%D7%A9%D7%AA+VOD&amp;url=&amp;iconimage=C%253A%255CUsers%255CHome%255CAppData%255CRoaming%255CKodi%255Caddons%255Cplugin.video.idanplus%255Cresources%255Cimages%255Creshet.png&amp;module=reshet&amp;mode=0",return)</action>
	</shortcut>
	<shortcut>
		<defaultID />
		<label>עשר</label>
		<label2>פריטים מותאמים אישית</label2>
		<icon>DefaultShortcut.png</icon>
		<thumb>special://skin/extras/icons/channel10.png</thumb>
		<action>ActivateWindow(Videos,"plugin://plugin.video.idanplus/?moredata=&amp;name=%D7%A2%D7%A9%D7%A8+VOD&amp;url=&amp;iconimage=C%253A%255CUsers%255CHome%255CAppData%255CRoaming%255CKodi%255Caddons%255Cplugin.video.idanplus%255Cresources%255Cimages%255Cten.png&amp;module=ten&amp;mode=0",return)</action>
	</shortcut>
	<shortcut>
		<defaultID>plugin.video.kan</defaultID>
		<label>VOD - כאן</label>
		<label2>פריטים מותאמים אישית</label2>
		<icon>DefaultShortcut.png</icon>
		<thumb>special://skin/extras/icons/can.png</thumb>
		<action>ActivateWindow(Videos,"plugin://plugin.video.idanplus/?moredata=&amp;name=%D7%9B%D7%90%D7%9F+11&amp;url=&amp;iconimage=C%253A%255CUsers%255CHome%255CAppData%255CRoaming%255CKodi%255Caddons%255Cplugin.video.idanplus%255Cresources%255Cimages%255Ckan.jpg&amp;module=kan&amp;mode=0",return)</action>
	</shortcut>
	<shortcut>
		<defaultID />
		<label>וואלה</label>
		<label2>Custom shortcut</label2>
		<icon>DefaultShortcut.png</icon>
		<thumb>special://skin/extras/icons/walla.png</thumb>
		<action>ActivateWindow(10025,"plugin://plugin.video.wallaNew.video",return)</action>
	</shortcut>
	<shortcut>
		<defaultID />
		<label>סטנד אפ ישראלי</label>
		<label2>Custom item</label2>
		<icon>DefaultShortcut.png</icon>
		<thumb>special://skin/extras/icons/microphone.png</thumb>
		<action>ActivateWindow(VideoLibrary,"plugin://plugin.video.kodisraelstandup",return)</action>
	</shortcut>
	<shortcut>
		<defaultID>plugin.video.last_played</defaultID>
		<label>נוגן לאחרונה</label>
		<label2>הרחבת וידאו</label2>
		<icon>DefaultShortcut.png</icon>
		<thumb>special://skin/extras/icons/recent.png</thumb>
		<action>ActivateWindow(Videos,"plugin://plugin.video.last_played",return)</action>
	</shortcut>
</shortcuts>
