<?xml version='1.0' encoding='UTF-8'?>
<shortcuts>
	<shortcut>
		<defaultID>plugin.video.jfh</defaultID>
		<label>סרטים באיכות! - חובה אייסטרים מותקן</label>
		<label2>פריטים מותאמים אישית</label2>
		<icon>DefaultShortcut.png</icon>
		<thumb>special://skin/extras/icons/sex.png</thumb>
		<action>ActivateWindow(Videos,"plugin://plugin.video.playlistLoader/?logos=&amp;cache=0&amp;name=%5B%D7%9E%D7%91%D7%95%D7%92%D7%A8%D7%99%D7%9D%5D&amp;url=https%3A%2F%2Fpastebin.com%2Fraw%2F351Ef6vM&amp;iconimage=&amp;mode=2",return)</action>
	</shortcut>
	<shortcut>
		<defaultID>plugin.video.jfh</defaultID>
		<label>Just For Him</label>
		<label2>הרחבת וידאו</label2>
		<icon>DefaultShortcut.png</icon>
		<thumb>special://skin/extras/icons/sex.png</thumb>
		<action>ActivateWindow(Videos,"plugin://plugin.video.jfh",return)</action>
	</shortcut>
	<shortcut>
		<defaultID>plugin.video.uwc</defaultID>
		<label>Ultimate Whitecream</label>
		<label2>הרחבת וידאו</label2>
		<icon>DefaultShortcut.png</icon>
		<thumb>special://skin/extras/icons/sex.png</thumb>
		<action>ActivateWindow(Videos,"plugin://plugin.video.uwc",return)</action>
	</shortcut>
	<shortcut>
		<defaultID>plugin.video.empflix</defaultID>
		<label>Empflix</label>
		<label2>הרחבת וידאו</label2>
		<icon>DefaultShortcut.png</icon>
		<thumb>special://skin/extras/icons/sex.png</thumb>
		<action>ActivateWindow(Videos,"plugin://plugin.video.empflix",return)</action>
	</shortcut>
	<shortcut>
		<defaultID>plugin.video.erotik</defaultID>
		<label>Erotik (XXX)</label>
		<label2>הרחבת וידאו</label2>
		<icon>DefaultShortcut.png</icon>
		<thumb>special://skin/extras/icons/sex.png</thumb>
		<action>ActivateWindow(Videos,"plugin://plugin.video.erotik",return)</action>
	</shortcut>
	<shortcut>
		<defaultID>plugin.video.lubetube</defaultID>
		<label>Lubetube (Adult)</label>
		<label2>הרחבת וידאו</label2>
		<icon>DefaultShortcut.png</icon>
		<thumb>special://skin/extras/icons/sex.png</thumb>
		<action>ActivateWindow(Videos,"plugin://plugin.video.lubetube",return)</action>
	</shortcut>
	<shortcut>
		<defaultID>plugin.video.videodevil</defaultID>
		<label>VideoDevil</label>
		<label2>הרחבת וידאו</label2>
		<icon>DefaultShortcut.png</icon>
		<thumb>special://skin/extras/icons/sex.png</thumb>
		<action>ActivateWindow(Videos,"plugin://plugin.video.videodevil",return)</action>
	</shortcut>
	<shortcut>
		<defaultID>plugin.video.you.jizz</defaultID>
		<label>YouJizz.com</label>
		<label2>הרחבת וידאו</label2>
		<icon>DefaultShortcut.png</icon>
		<thumb>special://skin/extras/icons/sex.png</thumb>
		<action>ActivateWindow(Videos,"plugin://plugin.video.you.jizz",return)</action>
	</shortcut>
</shortcuts>
